,Message,Tag
0,"ุณูุงู
 ุนุฏ ุดูุง ุขูุงุฏู ุงุณุช. ุนุฏุฏ 1 ุฑุง ุจู ุดูุงุฑู 307328 ูพุงูฺฉ ฺฉูุฏ ุชุง ุถูู ุนุถูุช ุฏุฑ ุงูพูฺฉุดู ุจุงุฒุงูุง ู ุฏุณุชุฑุณ ูุงูุญุฏูุฏ ุจู ุจุงุฒ ูุง ูพุฑุชุงู 1000 ุชููุงู ุดุงุฑฺ  ุนุฏ ุจฺฏุฑุฏ.""",Spam
1,"ุฑูุงู ฺฏูุงู
ฺุง ุชุดุฑูุงุช47%
ุฑูุบู ูุงุฏู15%
ุงุณูพุงฺฏุช ูุงูุง31%
ุชุง 1/20
ูุบูุนุฏุฏ1",Spam
2,"ุฏุฑุณุช ู ุงุตูู ูุงุบุฑ  ุดูุฏ
*ุบุฑุญุถูุฑ*

ฺฉูฺฉ ฺฉูุฏ:
https://goo.gl/tDQ448",Spam
3,"ุฎุจุฑูุง ูุฌุงู ุงูฺฏุฒ ู ุฌูุฌุงู ุจุฑุง ุนูุงูููุฏุงู ุจู ููู ู ุณุฑุงูุ ุงุฒ ููุฑููุฏุงู ู ุฎุจุฑูุง ุญุงุดู ุง.
ุจุง ุนุถูุช ุฏุฑ ุงูพูฺฉุดู ููุงุณุชุงุฑ
ุฏุฑ ูุฑุนู ฺฉุด ฺฉููพู ุจูุงุฑ นท ุจุง ุฌูุงุฒ ูพฺู 206ุ ุขููู x ู ุณุงูุณููฺฏ s9 ุดุฑฺฉุช ฺฉู ู ุฌุงุฒู ุจุจุฑ
ุจุง ุงุฑุณุงู ุนุฏุฏ: 20
ุฏุงูููุฏ ุงูพูฺฉุดู:
http://mostar.ir/",Spam
4,ูุฏู ูฺู ููุฑูุฒ ุจุฑุง ุชูุงู ูุดุชุฑฺฉู ุณุฑูุณ ุชูฺฏุฑุงู . ุจู ููุงุณุจุช ููุฑูุฒ นทุ ฺฉุชุงุจฺู ุง ุจู ุงุฑุฒุด ตฐฐฐ ุชููุงู ุจู ุชูุงู ฺฉุงุฑุจุฑุงู ฺฉู ุจุง ุงุฑุณุงู ฑ ุจู ณฐฒฒณฑ ุนุถู ุณุฑูุณ ฺฉุชุงุจุฎุงูู ุงูฺฉุชุฑููฺฉ ุชูฺฏุฑุงู ุดููุฏ ุชุนูู ุฎูุงูุฏ ฺฏุฑูุช.,Spam
5,"ุนุฏ ุจุง ุนุฏ ูุงุด ุฌุฐุงุจู
ุนุฏ ูุง ูู ุจู ุดูุง ุงูพูฺฉุดู ุขูุงุงุจ 
ูุฑ ฺฉุฌุง ุงฺฏู ู ุขููฺฏ ุดูุฏ ู ููููุฏ ุฎูุงููุฏุด ฺฉู ุง ฺฉุฏ ุขูุง ุงูุชุธุงุฑุด ฺู ู ุชูู ฺฉ ฺฉูฺฉ ุณุฑุน ูพุฏุงุด ฺฉู
ุชุงุฒู ูุชูู ุฌุงุฒู ูู ุจุจุฑ!!
ูพฺู ฒฐถ
ฺฏูุด ุงููู x ู ุณุงูุณููฺฏ s9
ุนุถูุช ุฏุฑ ุขูุงุงุจ ุจุง ุงุฑุณุงู: ฑฑฑ
ุฏุงูููุฏ ุงูพูฺฉุดู: http://avayab.com",Spam
6,"ุณุงู ูููุจุงุฑฺฉ
ุจุฑุง ูุงุดู ุฏุงุฑุดุฏู ููุท ฺฉุงูู ููู ุจุจู!
1 ุฑูุจูุฑุณุช ุนุถู ููู ุณุฑุง ุดู ู ุดุงูุณุช ุฑู ุจุฑุง ุจุฑูุฏู ุดุฏู ฺฉ ุฏุณุชฺฏุงู ูพฺู 206 ุงูุชุญุงู ฺฉู!",Spam
7,"""ูุดุชุฑฺฉ ฺฏุฑุงู 
 ุจู ููุงุณุจุช ุขุบุงุฒ ุณุงู 1397 ุฏุฑ ุณุฑูุณ ูุฏุจุงุฒ ูุฑุตุช ุดูุง ุจุฑุง ุญุถูุฑ ุฏุฑ ูุฑุนู ฺฉุด  ฺฉ ูููู ุฑุงู ูุฌู ููุฏ ูุฑุงูู ุดุฏู ุงุณุช. ุฌูุช ุดุฑฺฉุช ุฏุฑ ูุฑุนู ฺฉุด  ุงุฒ ุทุฑู ุงุฑุณุงู 1 ุจู 309233  ุงูุฏุงู ููุงุฏ.
""",Spam
8,"""ูุดุชุฑฺฉ ฺฏุฑุงู ูุฑุตุช ุดูุง ุจุฑุง ุญุถูุฑ ุฏุฑ ูุฑุนู ฺฉุด  ฺฉ ูููู ุฑุงู ูุฌู ููุฏ ุฏุฑ ุจุงุฒ ููุชูุฑูพุฑูู ูุฑุงูู ุดุฏู ุงุณุช.
ุชููุง ฺฉุงูุณุช ุนุฏุฏ ฑ ุฑุง ุงุฑุณุงู ู ุจุง ุนุถูุช ุฏุฑ ุจุงุฒ ููุชูุฑูพุฑูู ุฏุฑ ูุฑุนู ฺฉุด ุดุฑฺฉุช ฺฉูุฏ.
ููฺฉ ุฏุงูููุฏ:http://bit.ly/2IePv7f    """,Spam
9,"ููุฑูุฒ ูุจุงุฑฺฉ! 
ุฏุฑ ุฌุดููุงุฑู ุนุฏุงูู ุณุฑูุณ ฺฉุงุฑุจุฑุฏ ฺฉูุฏ ุดูุง ูุฌุงุฒ ุจู ุฏุฑุงูุช ฑฐฐฐฐ ุฑุงู ุดุงุฑฺ ุฑุงฺฏุงู ู ุจุฏูู ูุฑุนู ฺฉุด ุดุฏู ุงุฏ 
ุจุฑุง ุงุฏุงูู ุนุฏุฏ ฑ ุฑุง ุจู ดฐนฐฒถฑ ุงุฑุณุงู ฺฉูุฏ",Spam
10,"ูุดุชุฑฺฉ ุนุฒุฒ 
ุจุง ุซุจุช ุดูุงุฑู ุฎูุฏ ุฏุฑ ูุฑูโุงูุฒุงุฑ ุชุงุจูู ููุช
 ตฐฐฐ ุชููุงู ุดุงุฑฺ ุฑุงฺฏุงู ุฏุฑุงูุช ฺฉูุฏ. 
ุฌูุช ุซุจุช ุดูุงุฑู ู ูุนุงูุณุงุฒ ู ุดุฑุงุท ุฏุฑุงูุช ุดุงุฑฺ ูุฏู ฑ ุฑุง ุจู ฒฐถฑธน ุงุฑุณุงู ฺฉูุฏ. ",Spam
11,ฺฉ ุฑูุฒ ูฺฉุงููู ุฑุงฺฏุงู ุฏุฑูู ุดุจฺฉูุ ูุฏู ููุฑุงู ุงูู ุจู ูุดุชุฑฺฉู ฺฉู ูุจุถ ุฎูุฏ ุฑุง ุชุง ูพูุฌู ูุฑูุงู ุจุตูุฑุช ุบุฑ ุญุถูุฑ ูพุฑุฏุงุฎุช ฺฉููุฏ. ุจุง ุดูุงุฑู ฺฏุฑ #1* ุฑุงุญุชุ ุณุฑุน ู ุงูู ูุจุถ ุฎูุฏ ุง ุฏฺฏุฑุงู ุฑุง ูพุฑุฏุงุฎุช ฺฉูุฏ.,Spam
12,"ุชููุฏ ูุจู ููุง
ุชุนูุฑุงุช ุชุฎุตุต
ุณูุงุฑุด ุฎุงุต ูุจู ูพุฐุฑูุชู ูุดูุฏ.
09113486115",Spam
13,"ุฑูุงู ฺฏูุงู
ุขุฌู 15%
ููู30%
ุฑูุบู ูุงุฏู30%
ุชุง 1/6
ูุบูุนุฏุฏ1",Spam
14,"ููุท 2 ุฑูุฒ ุชุง ูพุงุงู ุชุฎููุงุช ูุงุฑุงู ฺุฑู ุจุงูุณุช
.
ฺฏูุณุงุฑ ูุจุด ุฎ 108 ",Spam
15,"ูููุทู ฺฏุฑุงูุ ุฏุฑ ุณูุฑูุง ุฎูุฏุ ุงูพูฺฉุดู ุฒุงุฆุฑ ุฑุง ุฑู ุชููู ููุฑุงู ุฏุงุดุชู ุจุงุดุฏ.
https://goo.gl/PAsivX",Spam
16,ูุดุชุฑฺฉ ฺฏุฑุงููุ ุถูู ุชุดฺฉุฑ ุงุฒ ูพุฑุฏุงุฎุช ุตูุฑุช ุญุณุงุจุ ุดูุง ูู ุชูุงููุฏ ุจุง ูพุฑุฏุงุฎุช ุบูุฑุญุถูุฑู ูุจุถ ุฎูุฏ ุชุง ูพุงูุงู ุฑูุฒ ูพูุฌู ูุฑ ูุงู  ูุดููู ูุฏูู ูฺฉ ุฑูุฒ ูฺฉุงููู ุฑุงูฺฏุงู ุฏุฑูู ุดุจฺฉู ุดููุฏ.,Spam
17,"ุณุจุฏุญูุงุช ุบุฐุง ุฏููุช ุฏุฑ ูุฑูุดฺฏุงู ุฑูุงู
ฒฐุชุงตฐ%ุชุฎูู
ูุฑุดุจ ูุฑุนู ฺฉุด ุฎูุฏุฑู",Spam
18,"ุงูุชุชุงุญ ูุฑูุดฺฏุงู ุฌุฏุฏ ุงุฑุงู ฺฉุชุงู
ุดุนุจู ฺุงุจฺฉุณุฑ
ุฌูุจ ุชูู ฺฉุงุจู ุฑุงูุณุฑ",Spam
19,"ูุดุชุฑฺฉ ฺฏุฑุงู
ุงููู ูุฑุญูู ุงุฒูุฑุนู ฺฉุด ุฌุดููุงุฑู ููุฑุงู ุงูู ุงูุฌุงู ูุจุฑูุฏู ุฎูุฏุฑู206ูุชุจูุช ูุฌูุงุฒ ููุฏ ูุดุฎุต ุดุฏูุฏ.ุงุณุงู ุฏุฑ(www.tcg.ir) ุจุงูพุฑุฏุงุฎุช ุตูุฑุชุญุณุงุจ ุฏุฑูุฑุนู ฺฉุด ุฏููู ูุฑุญูู ุฎูุด ุญุณุงุจ ููุฑุงู ุงูู ุฏุฑุงุฑุฏุจูุดุช 97ุดุฑฺฉุช ููุงุฆุฏ.
ุจุง ุชุดฺฉุฑ""ููุฑุงู ุงูู ฺฏูุงู""",Spam
20,"ูฺุฏู     ูฺุฏู
ุญุฑุงุฌ ููุฑูุฒ ุจูุชฺฉ ูพุงุฆูู.16ูุชุฑ ุณูู ูุจุด ฺฉูฺู ููู  boutique_paul@",Spam
21,"ูฺุฏู
ูพุด ูุฑูุด ุฎูุฏุฑู ุฑูู ฺฉูพฺุฑ ูุงุฑุฏุงุช 2018 ูููุณ ุฏุฑ ููุงูุฏฺฏ ุฏูุดุงุฏ ุฑุดุช 01334991",Spam
22,"ุชุงุฒูุงู ูุฑุนู ฺฉุด ุฌูุงุฒ ุฎูุด ุญุณุงุจ ฺฉ ููุชู ุจุงูุณุช.ุงุฒุทุฑู ุชููู ููุฑุงู ุจุงุดูุงุฑู ฺฏุฑ 1522ูุจุถ ุขุจ ุฑุง ูพุฑุฏุงุฎุช ููุงุฏ.
ุดุฑฺฉุช ุขุจ ู ูุงุถูุงุจ ฺฏูุงู",Spam
23,"ุชุฎูู ูุงูุน
ุณููพุฑุงุฒ ูฺู""ูุจู ุณุนุฏ""ุจุฑุง ุงุงู ุขุฎุฑุณุงู
ุฑุดุช ุฎ.ุชุฎุช
33229695",Spam
24,"ุชุฎูู ูุงูุน
ุณููพุฑุงุฒ ูฺู""ูุจู ุณุนุฏ""ุจุฑุง ุงุงู ุขุฎุฑุณุงู
ุฑุดุช ุฎ.ุชุฎุช
33229695",Spam
25,ูพูุดุงู ุฑูฺฏุงฺู 2ุฑูุฒ ุชุง80% ุจุณุชูู ุณุฑ ูุนูู ุฑูุจุฑู ูุณุฌุฏ Telegram.me/rugatchi,Spam
26,"ุงุทูุงุนู 
ูุดุชุฑฺฉ  ฺฏุฑุงู ุจู ุดูุงุฑู 9112375916ุ ุฏุฑุตูุฑุช ฺฉู ูููุฒ ูููู ุจู ูุตุจ ุงูพูฺฉุดู ุดูู ุณูุงูุช ูุดุฏู ุงุฏุ(ูุทูุง)ุจุง ูุฑุงุฌุนู ุจู ุฏูุงุชุฑ ูพุดุฎูุงู ุฏููุช ุฏุฑ ุณุฑุงุณุฑ ฺฉุดูุฑ  ู ุง ุงุฒ ุทุฑู ููฺฉ ุฒุฑ ุงูุฏุงู ูุฑูุงุฏ.
https://goo.gl/sV8bvs
ูพุดุชุจุงู:02175416205",Spam
27,"ฺฉุงุดุช ูู ู ุงุจุฑู
ุดุฑุงุท ูฺู ูพุฑุฏุงุฎุช
ุงุณููุฏ96
ฺฉููฺฉ ุงุฑุงู ูุช
02122223030",Spam
28,"ูููุทู ฺฏุฑุงู ุจู ุดูุงุฑู 9112375916ุ ูุทูุง ุณุฑูุณ ูุณุฎู ุงูฺฉุชุฑููฺฉ ุฎูุฏ ุฑุง ุจุง ุงุฑุณุงู ุนุฏุฏ ณฐฐ ุฏุฑ ูพุงุณุฎ ุจู ููู ุดูุงุฑู ูุนุงู ฺฉูุฏ.
ูุฏู ุนุถูุช ุชุง ูพุงุงู ุงุณููุฏูุงูุ ุดุฑฺฉุช ุฏุฑ ูุฑุนู ฺฉุด ฺฉ ุฏุณุชฺฏุงู ุงุณูพูุฑุชุฌ ู ุจุงุดุฏ.",Spam
29,"ุฏุฑูุงู ูุทุน ูพุณูุฑุงุฒุณ ูุจูุงุฑูุง ูพูุณุช 
0ูกูฃูฃูฃูกูกูฅูจููก
t.me/mamdarooNgilan",Spam
30,"ูุฑ ุดุจ ูุฑุนู ฺฉุด ฺฉ ุฎูุฏุฑู
ูุฑ ุฑูุฒ ฺฉู ุชุฎูู ุงุณุชุซูุง
ุจุง ุนุถูุช ุฏุฑ ฺฉุงูุงู ุชูฺฏุฑุงู ูุฑูุดฺฏุงู ุฑูุงูุ ูฺ ุชุฎูู ุฑุง ุงุฒ ุฏุณุช ูุฏูุฏ.
ุจุฑุง ุนุถูุช ููฺฉ ุฒุฑ ุฑุง ููุณ ฺฉูุฏ:
https://t.me/refah_chain_stores",Spam
31,"ุชููุฏ ูุจู ููุง
ุชุนูุฑุงุช ุชุฎุตุต
ุณูุงุฑุด ุฎุงุต ูุจู ูพุฐุฑูุชู ูุดูุฏ.
09113486115",Spam
32,"ูุฑูุด ููู ุงูุนุงุฏู ุดูุฑ ูุช ูุดููุงุฑ
ูขูฉูฅููู ู ูฃูฉูฅููู ุชููุงู
ุจููุงุฑูุนูู
ูฃูฃูขูคูฅูฅูคูจ",Spam
33,ูุฑูุด ููู ุงูุนุงุฏู-ุจุฏูู ุงูุฒุงุด ููุช ูุณฺฉู ููุฑ ุฑุดุช-ุขุฑุงููุฑูพูุง-02126208619,Spam
34,"ูุฑูุดฺฏุงู ูุฑุด ูพุงุฒูุฑูฺฉ
ูุงู ุจุฏูู ุจูุฑูุูููุช ุฑูุงุจุชู
ุฑุดุช ฺฏูุจุงุบููุงุฒ01333727726",Spam
35,ููุงุดฺฏุงู ูุฑุด ุฏุณุชุจุงู (ูุฑุด ุฌูุงู) ููุท ุชุงฑฑุงุณููุฏ ุฑุดุชุุฌุงุฏู ุฎูุงูุุชุงูุงุฑุณูุทุงู,Spam
36,"ููุงูุดฺฏุงู ุฎุงูู ูุฏุฑู(ููุงุฒู ุฎุงูฺฏูุูุจูุูุฑุดุููุณุชุฑ)
7-11ุงุณููุฏ
ููุงูุดฺฏุงู ุฑุดุช",Spam
37,ุชุฎูู ูฺูุุชุณููุงุช ุจุฏูู ุถุงูู ู ุชุญูู ููุฑ ูุญุตููุงุช ุฏุฑุฌุดููุงุฑู ูุฑูุด ููุฑูุฒ ุณุงูพุง.ฺฉุณุจ ุงุทูุงุนุงุช ุจุดุชุฑ ุฏุฑ ูุจ ุณุงุช ู ููุงูุฏฺฏูุง,Spam
38,"ููุฑูุฒ 97
ุชูุฑ ุฌุฐุงุจ ุขูุฑูุง

ุชุฎูู ูฺู

ฺฉุงููุชุฑู ฺฏุดุช

ุณุชุงุฑู ููฺฉ
02142309",Spam
39,"ูฺู ููุฑูุฒ97
ุชูุฑ ุฒูู ุจุงฺฉู
ุงูุงูุช ุฏุฑ ูุชู 5 ุณุชุงุฑู ุชุงูพ
ุขฺุงูุณ ุชูุญุฏ ฺฏูุณุงุฑ
33122222",Spam
40,"ุชูุฌู ุชูุฌู
ูุฑูุด ููุฑ
 ุฎูุฏุฑููุง ุฑูู ุชุงูุณูุงู ู ฺฉููุฆูุณ ูุฏู ฒฐฑธ
ุจุงููุช ูุทุน
ุฑุดุช ุฎุงุจุงู ุดูุฏุง
ุชููู : ฐฑณณดนนฑ",Spam
41,"ุชูุฑ ฒุดุจ ู ณ ุฑูุฒ ูุดูุฏ 
ุจุง ูพุฑูุงุฒ ุฑูุช ู ุจุฑฺฏุดุช
ฒ ุดุจ ุงูุงูุช ุฏุฑ ูุชู ุจุงุตุจุญุงููุูุงูุงุฑ ู ุดุงู
ููุท ดตฐ ุชููุงู

ุชููู ุชูุงุณ ุฌูุช ุฑุฒุฑู 
ฐฒฑทตณณฐ
ุฏุงุฎูธ
ฐนฑฒฐณทฑถฑฒ",Spam
42,"ุชูุฑูุดูุฏููุง ุงุฒุฑุดุช
4ุฑูุฒ380ุชููุงู
ฺฉุด770
ุนุฏูุดูุฏ750
ุณุชุงุฑู ฺฏุดุช01333122015",Spam
43,"ููุงูุดฺฏุงู
ูุฑุด ูุชุงุจูููุฑุด ุฏุณุชุจุงูุช
3ุชุง11ุงุณููุฏ
ุฑุดุช
ุฌุงุฏู ุฎูุงู
ุชุงูุงุฑ ุณูุทุงู ",Spam
44,"ูุดุชุฑู ูุญุชุฑู
ุซุจุช ูุงู ุจูู ุฏุฑูุงู ุชููู SOS
ุจู ุชุนุฏุงุฏ ูุญุฏูุฏ
*707*1*1#",Spam
45,"14ุงุณููุฏ96ุงููู ูุฑุนู ฺฉุด ุฌุดููุงุฑู ุฎูุด ุญุณุงุจ ููุฑุงู ุงูู(ูฺู ูุดุชุฑฺฉู ฺฏูุงู)
ฺฉ ุฏุณุชฺฏุงู ุฎูุฏุฑู206
ฺูุฏู ุฏุณุชฺฏุงู ุชุจูุช ู ูููู ูุงุฑุงู ูุฌู ููุฏ.
ุจุงูพุฑุฏุงุฎุช ุตูุฑุชุญุณุงุจ ุชููู ููุฑุงู ุฏุงุฆู ุฎูุฏูุงุจุฏู ุชููููุง ูุทุน ุดุฏู ุจุตูุฑุช ุงูุณุงุท ุงุฒุฌูุงุฒ ุจู ูุฏ ูุฑุนู ุจุฑุฎูุฑุฏุงุฑ ุดูุฏ.
ุจุง ุชุดฺฉุฑ""ููุฑุงู ุงูู ฺฏูุงู""",Spam
46,"ููุฑูุฒ 97
ุชูุฑ ููฺฉุณ ุขูุฑูุง

ุชุฎูู ูฺู
ุจูุชุฑู ฺฏุดุช ูุง

ุณุชุงุฑู ููฺฉ
0214230",Spam
47,ูุฑุงูฺฉุฑุงู3390 ุชุงููุฏ2340ูุงูุฒ2050 ุขูุชุงูุง1390ุช02154642 Gardeshnoor.ir,Spam
48,"ูุฌุชูุน ุณุงุญูู ุดูุฑุฏุงุฑู ุฑุถูุงูุดูุฑ
ุจูุชุฑูู ููุงู ุงุฑุฏููุงู ุฏุงูุด ุขููุฒู
ุฌูฺฏ ุดุงุฏู-ุดูุฑุจุงุฒู-ููุงุฑ-ูุณุช ููุฏ
09111385404
https://t.me/tarhsahelirez1shah",Spam
49,"ูุณุฑุช ฺฏููุงู ูุฑุฒุงุฏ ูุฑุฒูู
21ูุฑูุฑุฏูู
ุชุงูุงุฑฺฏูุณุชุงู
ุฎุฑูุฏ ุงุฒ:
iranconcert.com",Spam
50,"16ูุฑูุฑุฏู ูุนุฏู ุชุงูพ!
ูพุฎุด ุฒูุฏู ูุฑุนู ฺฉุด 14ุฌุงุฒู 1ูููู ูุงูุฏู ฺฏุฑ
ูุฑุฏุงุณุงุนุช11 ุงูุณุชุงฺฏุฑุงู ุฌุฏุฏุชุงูพ
https://www.instagram.com/top.application
",Spam
51,"ุงูพูฺฉุดู ุฑุงูุจุฏุจุงู
ุนุถูุช ุฏุฑ ุงู ุณุฑูุณ ุฑุง ู ุชูุงูุฏ ุจุง ุงุฑุณุงู L ูุบู ููุงุฏ.
ุจุฑุง ุนุถูุช ูุฌุฏุฏ ุนุฏุฏ 1 ุฑุง ุจู ููู ุดูุงุฑู ุงุฑุณุงู ููุงุฏ.
ุจุฑฺฏุฒุงุฑ ฺฉููุฏู: ุฏุงูุงุฏู
",Spam
52,"ฺฉุงุฑุจุฑ ฺฏุฑุงู
 ฺฉุฏ ุชุฎูู ุดูุง:
 ฑฐ ูุฒุงุฑุชููุงู ุชุฎูู ุจุฑุง ุฎุฑุฏูุง ุจุดุชุฑ ุงุฒ ฑฐฐ ูุฒุงุฑ ุชููุงู
:
 game4EE6E711

 https://www.digikala.com",Spam
53,"""ุฑูุจูฺฉุง"" ุจุง ุงููุชุฑูุช ุฑุงูฺฏุงู ุจุฑุงู ููุฑุงู ุงูู ู ุงูุฑุงูุณูู ูุง.
ุดุฑฺฉุช ุฏุฑ ูุฑุนู ฺฉุดู ุณู ุฏุณุชฺฏุงู ุฎูุฏุฑูู ุณุฑุงุชู
ูููฺฉ ูุตุจ:
https://goo.gl/pdUUkm",Spam
54,"ุงูุฒุงุด ุฌูุงุฒ !
14 ุฌุงุฒู 1 ูููู ุจู ุฌุง 7 ุฌุงุฒู ุจุง ูุงูุฏู ฺฏุฑ ุจุง ุงูพูฺฉุดู ุชุงูพ!
ุฏุฑ ุนุฏ ูุงูุฏู ุจฺฏุฑุฏ ู 16 ูุฑูุฑุฏู ุนุฏ
t.me/topfestival
",Spam
55,"ุขุฎุฑู ุฑูุฒ !
7 ุฌุงุฒู  1ูููู ูฺู ูุงูุฏู ฺฏุฑ ุจุง ุงูพูฺฉุดู ุชุงูพ 
ููุท  ุชุงุณุงุนุช 24 ุงูุดุจ
ูพุฎุด ุฒูุฏู ูุฑุนู ฺฉุด ูุฑุฏุง ุงุฒ ุงูุณุชุงฺฏุฑุงู
t.me/topfestival
",Spam
56,"ููุงุด ุฏูุฑุงู ุฌูุนุจูุฏ ุงุฑุดุฏ ููุงูู (ุฑุงฺฏุงู)
ุชูุฑุงู ุฌูุนู 25 ุงุณููุฏ ุณุงุนุช 13-11
ููุฑุงู ุจุง ูพุฐุฑุง ู ุนุฏ ูพุงุฑุณู
ุฑุฒุฑู: ุงุฑุณุงู 7 ุจู 02184388
ูพุงุฑุณู",Spam
57,"ุนุฏู ุชุงูพ!
7 ูุฏู ููุฏู 1ูููู ูฺู ูุงูุฏู ฺฏุฑู ุจุง ุงูพูฺฉุดู ุชุงูพ
ุจุงุชุงูพ ููุฌูุฏู ูุนุฏู ุจฺฏุฑุฏ
ุงุฒ ููู ุญุงูุง ุชุง 28 ุงุณููุฏ
t.me/topfestival
",Spam
58,"ุฏุฑูุงู ูุทุน ุณูุฏ ูู
ุจุงุชุฎูู60ุฏุฑุตุฏ
ููุท ุงูุฑูุฒ120ูุฒุงุฑุชููุงู
ูุดุงูุฑู=ุงุฑุณุงู3",Spam
59,"ุฏุฑูุงู ูุทุน ุณูุฏ ูู
ุจุงุชุฎูู60ุฏุฑุตุฏ
ููุท ุงูุฑูุฒ120ูุฒุงุฑุชููุงู
ูุดุงูุฑู=ุงุฑุณุงู3",Spam
60,"50ุฏุฑุตุฏุชุฎููุูฺู ุฑูุฒูุงุฏุฑ
ุฑูุด ูุฌุฏุฏูู ูุฏุฑูุงู ุฑุฒุด ุจุงฺูุงุฑ
ูุดุงูุฑู=ุงุฑุณุงู1",Spam
61,"ุฑูุด ูุฌุฏุฏ ูู ู ุฏุฑูุงู ุฑุฒุด ุจุง ุชุฎูู 50 ุฏุฑุตุฏ
ูุดุงูุฑู=ุงุฑุณุงู 1
ูุบู=off",Spam
62,"ููุณุฑุช ุฑุดุช ุดูุงุจ ูุธูุฑู
21 ุงุณููุฏ
ุชุงูุงุฑฺฏูุณุชุงู
ุฎุฑูุฏ ุงุฒ:
iranconcert.com",Spam
63,"ูุงุฑุงู ฺุฑู
ุชุง50%ุชุฎูู+5%ุงุนุชุจุงุฑ
ฺฏูุณุงุฑุูุจุด ุฎ 108
https://t.me/mlco_ir",Spam
64,"ูพฺฉ ูฺู ุถุฏุฑุฒุด ูุฑูุด ูุฌุฏุฏฺูุงุฑ
ุจุง140ูุฒุงุฑุชููุงู ุชุฎูู ููุฏ
ุณูุงุฑุด=ุงุฑุณุงู11",Spam
65,"ุฏุฑุงูุช ูุฏุฑฺฉ ูุนุงุฏู*ฺฉุงุฑุฏุงู-ุฏฺฉุชุฑ*
ุชุงุฏุงุฑุดุงุฏ+ุงุชุญุงุฏู ุงุฑููพุง
02126420339",Spam
66,"ููุณุฑุช ุฑุดุช ุณููุง ุดุนุจุงูุฎุงูู
9 ุงุณููุฏ
ุชุงูุงุฑูุฌูู
ุฎุฑูุฏ ุงุฒ:
iranconcert.com",Spam
67,"3ุฑูุฒุชุง ูุฑุนู ฺฉุด ุตุฏูููู ุขูพ
ุชุฑุงฺฉูุด ุจุดุชุฑ=ุดุงูุณ ุจุดุชุฑ
http://733.ir",Spam
68,"ุงูพูฺฉุดู ุฑุงูุจุฏุจุงู
ุนุถูุช ุฏุฑ ุงู ุณุฑูุณ ุฑุง ู ุชูุงูุฏ ุจุง ุงุฑุณุงู L ูุบู ููุงุฏ.
ุจุฑุง ุนุถูุช ูุฌุฏุฏ ุนุฏุฏ 1 ุฑุง ุจู ููู ุดูุงุฑู ุงุฑุณุงู ููุงุฏ.
ุจุฑฺฏุฒุงุฑ ฺฉููุฏู: ุฏุงูุงุฏู
",Spam
69,"ุขุฎุฑู ูุฏู ุฑุง ูุทูุฆู ุจุฑุฏุงุฑุฏ
ููุงุณูุง ููุชู ู ุชุณุช ููุงูู ุงุฑุดุฏ97
ูุณุจ ุงุทูุงุนุงุช:
ูุงูุงู: goo.gl/Yq6N2z 
ุง ุงุฑุณุงู ุนุฏุฏ 7 ุจู 02184388
ูพุงุฑุณ",Spam
70,"ุฑูุด ูฺู ุณู ฺฉุงุฑุช ุฏุงุฆู ููุฑุงู ุงูู 
ุจุง ูุจูุบ ุงุณุชุซูุง ฑฐฐ ูุฒุงุฑ ุชููุงู
ุฎุฑุฏ ู ูุนุงู ุณุงุฒ ุฏุฑ ฺฉูู ุฏูุงุชุฑ ู ูุฑูุดฺฏุงู ูุง ููุฑุงู ุงูู ู ุง ุณุงูุงูู ฺฏูฺู ุจู ูุดุงู:
https://sim.mci.ir",Spam
71,"ุงุณููพ ุนุฒุฒุ

ุณูุงุฑุด ุบุฐุง ุจู ุณุจฺฉ ุงุณููพ

ุจุง ุงูพูฺฉุดู ุงุณููพ ููุฏ  ุบุฐุง ุฎูุฏ ุฑุง ุขููุงู ู ุงุฑุฒุงูุชุฑ  ุณูุงุฑุด ุฏูุฏ

10000 ุชููุงู ุชุฎูู ุจุฑุง ุงููู ุณูุงุฑุด ุดูุง ุงุฒ ุงุณููพ ููุฏ

ฺฉุฏ ุชุฎูู: SPV10C5y4qkvv

ูููุช ุงุณุชูุงุฏู:  ููุท ุชุง ูพุงุงู ูุฑุฏุง

ูุตุจ ios: https://app.adjust.com/e6qlkf4

ูุตุจ ุงุฒ ฺฉุงูู ุจุงุฒุงุฑ: https://app.adjust.com/n3rbs8a",Spam
72,"ุญุชูุง ุจูุฑุณุช
ุจุฏู ฺฉุฏ ตฐถถณ ุฑูุจู ดฐตตทต ุจูุฑุณฒตฐูุฒุงุฑุชููู ููุฏ ุงุฒ ุขูุงุชู ุจฺฏุฑ",Spam
73,ุจุง1ุฏููู ุตุญุจุชุ100ุฏููู ูฺฉุงููู ุงุฑุงูุณู ุฑุงฺฏุงู ูุฏู ุจฺฏุฑุฏ.ุฏุฑุตูุฑุช ุงุณุชูุงุฏู ุงู ูพุงู ุฑุง ูุงุฏุฏู ุจฺฏุฑุฏย,Spam
74,"ุจุงูู
ุงุฑุณุงู ูููุฑ ฺฏุงุฒู ุงูุฌูุฑุงู 
ุชุญููู ุฏุฑุจ ููุฒู
09128398404
08734241949",Spam
75,"ุชูุฑ ูุดูุฏ ููุง
4ุฑูุฒ 550ุช
ฺฉุด5ุฑูุฒ620ุช
ุชููุณ1.190ุช
ุณุชุงุฑู ฺฏุดุช01333122015",Spam
76,"ุชููุณ นนฐ
ฺฉูุด ุขุฏุงุณ ฑนตฐ
ุขูุชุงูุง ฑนนฐ

ูููุฏ ูพุฑูุงุฒ 02122882027",Spam
77,"ฺฉุงุดุช ูู*ุงุจุฑู
ุดุฑุงุท ูฺู ูพุฑุฏุงุฎุช ุชุงุจุณุชุงู 97
ฺฉููฺฉ ุงุฑุงู ูุช
02122223030",Spam
78,"โค๏ธุจุงููโค๏ธ
ูพุฎุด ฺฉููุฑฺฏุงุฒ
ูุตุจ ุฑุงฺฏุงู
ุชุญูู ุฑุงฺฏุงู
ููฉูกูจูคูกูจูฉูงูคูฆ
ููฉูกูจูฉูจูฅููฉูฅูจ",Spam
79,ุจุง1ุฏููู ุตุญุจุชุ100ุฏููู ูฺฉุงููู ุงุฑุงูุณู ุฑุงฺฏุงู ูุฏู ุจฺฏุฑุฏ.ุฏุฑุตูุฑุช ุงุณุชูุงุฏู ุงู ูพุงู ุฑุง ูุงุฏุฏู ุจฺฏุฑุฏ,Spam
80,"ุจุงุชูุฌู ุจู ุจุงุฒ ููุชุจุงู ููุงุจู ุงุณูพุงูุงุุงุง ุชู ูู ุฑุงุดุงุณุชู ุจุฑุฏู ุฏุงูุณุชุฏุ
ฑุจูู
ฒุฎุฑ
ุนุฏุฏ ฺฏุฒูู ููุฑุฏ ูุธุฑุชุงู ุฑุง ุจู ฒฐฑธุฑุงฺฏุงู ุงุฑุณุงู ูุฑูุงุฏ",Spam
81,ุฏุจุฑุณุชุงู ูุฏุณ ุณูพุงู ุจุง ุงูฺฉุงูุงุช ูฺู ุ ุฏุงูุด ุขููุฒ ูุณุชุนุฏ ููพุฐุฑุฏ. 33334962,Spam
82,"ฺฉููุฑฺฏุงุฒ ูููุงุฒู ุฎุงูฺฏ 
ุงุฑุณุงู ุฑุงฺฏุงู ุงุฒุจุงูู ุจูุด
09028421926
09028421927",Spam
83,"ุงุดฺฉูุฑ*ููุฏูุงูุณุงุท
ุจุงฺฉู
ูุงู
ุงุฑููุณุชุงู
01333330555
T.ME/ESHKEVARITOUR",Spam
84,"โค๏ธุจุงููโค๏ธ
ูพุฎุด ฺฉููุฑฺฏุงุฒ
ุชุฎูู ูฺู ุจุฑุฏ ุชู ูู
ููฉูกูจูคูกูจูฉูงูคูฆ
ููฉูกูจูฉูจูฅููฉูฅูจ",Spam
85,ุจุง1ุฏููู ุตุญุจุชุ100ุฏููู ูฺฉุงููู ุงุฑุงูุณู ุฑุงฺฏุงู ูุฏู ุจฺฏุฑุฏ.ุฏุฑุตูุฑุช ุงุณุชูุงุฏู ุงู ูพุงู ุฑุง ูุงุฏุฏู ุจฺฏุฑุฏ,Spam
86,"ุฎุท ุดูุงููุชุฎุจ ุฌุดููุงุฑู ุจูุงุฑู ุจู ููุฑุงู ุณฺฉู ุทูุงุดุฏู
ุชูุงุณ
ฐฒฑถถณธฑถฒฑ
ฺฉุฏตถนณ",Spam
87,ุจุง1ุฏููู ุตุญุจุชุ100ุฏููู ูฺฉุงููู ุงุฑุงูุณู ุฑุงฺฏุงู ูุฏู ุจฺฏุฑุฏ.ุฏุฑุตูุฑุช ุงุณุชูุงุฏู ุงู ูพุงู ุฑุง ูุงุฏุฏู ุจฺฏุฑุฏ,Spam
88,ฺฉุงุฑุดูุงุณ ุงุฑุดุฏ ุฏุงูุดฺฏุงู ุฏููุช ุจุฏูู ฺฉูฺฉูุฑ (ฺฉูู ุฑุดุชู ูุง)ู1333551507,Spam
89,ููู ูุณุงูุณ ุจุฏูู ฺฉูฺฉูุฑ ุฏุงูุดฺฏุงู ุณุฑุงุณุฑ 01333362550,Spam
90,"ุณูุงู
ุจุฎุงุทุฑ ุจุฑุฏ ุงุฑุงู ดฑถฒฒ ุฑูุจู ดฐตตทตุจูุฑุณุชฒตูุฒุงุฑุชููู ุดุงุฑฺ ุขูุงุชู ุจฺฏุฑ",Spam
91,"Alireza Nasirzadeh ุนุฒุฒ

ฺู ฺฉุงูพ ฺููุฑ ู ูุช ุจุฑฺฏ

ฒต ุฑูุฒ ุฌุงู ุฌูุงู ฒต ุงูพูโูุงฺ

ฺฉู ฺฉุฏ ุชุฎูู 

ูพุด ุจู ฺฉู

https://goo.gl/KqHmPY",Spam
92,"ูพุฑูุฒ ุงูุชุฎุงุฑุขูุฑู ูู ูพูุดุงู ููุชุจุงู ุงุฑุงู ุฑุง ุจู ุชูุงู ุดูุง ุนุฒุฒุงู ุชุจุฑฺฉ ู ฺฏูู.
ุงุฑุงูุณู",Spam
93,"ุขูููู 8
ุฌุงูุฒู ุชู ฺฉู ุฌูุฑููฺฏู ุดุงุฑฺ ูู ุฎุฑู!
ุฏุงูููุฏ:
http://jiri.ng/dl",Spam
94,"๐พโุฎูุดู ฺฏูุฏู ุฏุฑ ุจูุดุช!
ุฏุฑ ุงูุฌุง ุจุจูุฏ ๐๐ป
http://bit.ly/Behesht",Spam
95,"ูุฎุณุชู ููุงุด ุทุฑุงุญ ุชุนุงูู ณฑ ุฎุฑุฏุงุฏ ุฏุฑ ุฏุงูุดฺฏุงู ฺฏูุงูุ ุจุฑฺฏุฒุงุฑ ุฎูุงูุฏ ุดุฏ. 

ุจุฑุง ุงุทูุงุนุงุช ุจุดุชุฑ ู ุซุจุชโูุงู:
http://ixdevent.ir/

ฺฉุฏ ุชุฎูู ุฒุฑ ุจุงุจุช ูุฏุฑุฏุงู ุงุฒ ุญุถูุฑ ุดูุงุณุช (ูุญุฏูุฏ)
zeeva",Spam
96,"ูุฎุณุชู ููุงุด ุทุฑุงุญ ุชุนุงูู ณฑ ุฎุฑุฏุงุฏ ุฏุฑ ุฏุงูุดฺฏุงู ฺฏูุงูุ ุจุฑฺฏุฒุงุฑ ุฎูุงูุฏ ุดุฏ. 

ุจุฑุง ุงุทูุงุนุงุช ุจุดุชุฑ ู ุซุจุชโูุงู:
ixdevent.ir

ฺฉุฏ ุชุฎูู ุฒุฑ ุจุงุจุช ูุฏุฑุฏุงู ุงุฒ ุญุถูุฑ ุดูุงุณุช (ูุญุฏูุฏ)
zeeva",Spam
97,ุจุง1ุฏููู ุตุญุจุชุ100ุฏููู ูฺฉุงููู ุงุฑุงูุณู ุฑุงฺฏุงู ูุฏู ุจฺฏุฑุฏ.ุฏุฑุตูุฑุช ุงุณุชูุงุฏู ุงู ูพุงู ุฑุง ูุงุฏุฏู ุจฺฏุฑุฏ,Spam
98,"ุขูุฑ ุนุฏ ูุทุฑ
ุงููพููุช (ฺฉุงุดุช ุฏูุฏุงู)
ูุฑุงูุณู ุงุตู
1ุ195 ุชููุงู
+981333123208",Spam
99,"ุขูุฑ ูุทุฑ
ุงููพููุช(ฺฉุงุดุช ุฏูุฏุงู)
ูุฑุงูุณู ุงุตู
1ุ195 ูุฒุงุฑ ุชููุงู
+981333123208",Spam
100,"ููู ูุณุงูุณ ุจุฏูู ฺฉูฺฉูุฑุฏุฑูุณ ฺฉุงุฑุดูุงุณ(ูฺู ุดุงุบูู-ฺฉู ุฑุดุชู ูุง)
01333226200",Spam
101,"ุณูุงูุุฎูุจ
ุณุฑุน ถตดดธ ุฑูุจู ดฐตตทตุจูุฑุณุชุฒตฐูุฒุงุฑุชููู ุงุฒ ุขูุงุชู ุดุงุฑฺ ุจฺฏุฑ",Spam
102,"ุชุง ตฐูช ุชุฎูู 
ุฏุฑุฌุดููุงุฑู ุฏุฌโฺฉุงูุง
ููุท ุงุฒ ุทุฑู ุงูพูฺฉุดู

dgka.la/appcam",Spam
103,"ุขูุฑุงุณุชุงูุจูู1.440
ุขูุชุงูุง*5 2.850
ุชููุณ1.270
ุณุชุงุฑู ฺฏุดุช ฺฏูุณุงุฑ01333122016",Spam
104,"ูพุฐุฑุด ฺฉุงุฑุดูุงุณ ุงุฑุดุฏ ุจุง
ุจูุฑุณู ุชุญุตู
ูุงู ุดูุฑู
ุฏุงูุดฺฏุงู ุดุฑู ูพุฑุฏุณ ฺฉุด
66165041
kish.sharif.edu
@kish_sharif_edu",Spam
105,"ููุงุฏุงุฑ ุนุฒุฒ ูุงูุฏุงุฑุงู ุณุฑุฎ!
ููุท 15 ุฑูุฒ ุชุง ุงูุชุฎุงุจ 10 ุชู ูพุฑุชูุงุดุงฺฏุฑ ุฌูุงู ูุฑุตุช ุจุงูุณุช...
ุทุฑูุฏุงุฑูุง ุงุฑุชุด ุณุฑุฎ ุขุณุง ุฏุงุฑู ุจุง ููุงุฏุงุฑุง ููฺุณุชุฑ ุฑูุงุจุช ู ฺฉูู
ููู ุญุงูุง ุนุฏุฏ 7 ุฑู ุจูุฑุณุช ุชุง ูู ฺฉู ุฌุงุฒู ุจุฑูุฏู ุจุด ู ูู ุงุฒ ุจูู ุชู ูุง ุฌุง ููููู...

#ูู_ูู_ุนุถู_309090_ูุณุชู",Spam
106,"ูพุฐุฑุด ฺฉุงุฑุดูุงุณ ุงุฑุดุฏ ุจุง
ุจูุฑุณู ุชุญุตู
ูุงู ุดูุฑู
ุฏุงูุดฺฏุงู ุดุฑู ูพุฑุฏุณ ฺฉุด
66165041
kish.sharif.edu
@kish_sharif_edu",Spam
107,"ุงุดฺฉูุฑ
ุจุงฺฉู
ูุงู
ุงุฑููุณุชุงู
ุดุฑุงุฒ
ุณุฑุนู
01333330555
T.ME/ESHKEVARITOUR",Spam
108,"ุชูุฑูุดูุฏููุง ุงุฒ ุฑุดุช
4ุฑูุฒ410ุช
ฺฉุด5ุฑูุฒ580
ฺฏุดุช ุฌุฒุฑู
ุณุชุงุฑู ฺฏุดุช01333122015",Spam
109,"ูุฑูุฒ ุฏุฑูุงูู ูุญุชุฑูุ ุจุง ุณูุงู. ุจู ุงุทูุงุน ูู ุฑุณุงูุฏ ุณุงุฒูุงู ุฎุฏูุงุช ุฏุฑูุงูู ู.ู. ุจุงุจุช ูุทุงูุจุงุช ุงุณูุงุฏ: ููุฒูุช ูพุฒุดู ุดูุฑููุฑ ูุงู ุณุงู 1396 ูุจูุบ 543,830 ุฑูุงู ู ููุฒูุช ูพุฒุดู ุงุณููุฏ ูุงู ุณุงู 1396 ูุจูุบ 466,140 ุฑูุงู ุฏุฑ ุชุงุฑูุฎ 1397/03/02 ุฌูุช ูุงุฑูุฒ ุจู ุดูุงุฑู ุดุจุง IR900150000000200301510208 ุจู ุจุงูู ุงุฑุณุงู ูููุฏู ุงุณุช.",Spam
110,"๐ ูุฏู ุฒุงุฆุฑ ุจู ุดูุง ุดุนู ุงูู ุจุช ุนููู ุงูุณูุงู ุฏุฑ ูุงู ูุจุงุฑฺฉ ุฑูุถุงูุ ุฏุณุชุฑุณ ุฑุงฺฏุงู ุจู ูุฑุขูุููุฌ ุงูุจูุงุบู ู ุงุฏุนู ููุดููุฏ.
ููู ุงูุงู ูุฏู โ๐โ ุฎูุฏ ุฑุง ุงุฒ ููฺฉ ุฒุฑ ุฏุฑุงูุช ููุงุฏ.

http://bit.ly/Zaer-Ramazan",Spam
111,"ุดุงุฑฺ ฑฐฐฐฐ ุฑุงู ุฑุงฺฏุงู! 
ูุฏู ูฺู ุณุฑูุณ ุชูุงุณุจ ุงูุฏุงู ุณุจุง ุจู ุดูุง ูุดุชุฑฺฉ ููุชุฎุจ.
ุจุฑุง ุฏุฑุงูุช ุดุงุฑฺ ูุฏู ฑ ุฑุง ุจู ููู ุดูุงุฑู ุงุฑุณุงู ููุงุฏ.",Spam
112,ุดูุฑุฒุงุฏ ุฑู ุจุง ุชุฑุงูฺฉ ุฑุงฺฏุงู ุจุจู ู ฒฐถ ุจุฑูุฏู ุดู ุชูุงุดุง ูุตู ุณูู ุดูุฑุฒุงุฏ ุฏุฑ ููู ูุช ุนุถูุช ุฏุฑ ููู ูุช ุจุง ุงุฑุณุงู ฑ ุจู ฒฐทณณณ,Spam
113,ุชุจุฑฺฉ!ุจุง1ุฏููู ุตุญุจุชุ100ุฏููู ูฺฉุงููู ุงุฑุงูุณู ูุฌุงู ุจฺฏุฑ!(ููุท ุชุง 3 ุฑูุฒ ุฏฺฏุฑ),Spam
114,ุชุจุฑฺฉ!ุจุง1ุฏููู ุตุญุจุชุ100ุฏููู ูฺฉุงููู ุงุฑุงูุณู ูุฌุงู ุจฺฏุฑ!(ููุท ุชุง4 ุฑูุฒ ุฏฺฏุฑ),Spam
115,"#ุจุงูู ุชุฌุงุฑุช
ุจูุฑุณ ุงููุงุน ฺฉููุฑฺฏุงุฒ ูููุงุฒู ุฎุงูฺฏ*ุงุฑุณุงู*ฺฏุงุฑุงูุช
ฐนฑธฑทถฐตทด",Spam
116,"ููุงูุด ุฑุงูฺฏุงู ูุดุงุฏ ูููููุช
ุฏฺฉุชุฑุณูููู
ุฏุฑุฑุดุช
ุฑุฒุฑู ุจุง ุงุฑุณุงู 8
ุจู 10006511",Spam
117,"ุขุฎุฑู ูุงุญุฏูุง ูุณฺฉู ููุฑ ุฑุดุช -ุชูุงู ุงูุณุงุท- ุขุฑุงููุฑูพูุง
02126208619",Spam
118,"ุดุงุฑฺ ฑฐฐฐฐ ุฑุงู ุฑุงฺฏุงู! 
ูุฏู ุจุงุฒ ฺุงูุด ุตุนูุฏ ุจู ููู ูุดุชุฑฺฉู ููุชุฎุจ ฺฉู ุงูุฑูุฒ ุงู ูพุงู ุฑุง ุฏุฑุงูุช ูฺฉููุฏ. ุจุง ุงุฑุณุงู ฑ ุจู ููู ุดูุงุฑู",Spam
119,"sepehr_khiyabani:
ุชูุฑููุง ูุดูุฏ
ฒตุงุฑุฏุจูุดุช
ดฒฐุช
0413120
T.me/markazetour
Markazetour.ir",Spam
120,ุชุจุฑฺฉ!ุจุง1ุฏููู ุตุญุจุชุ100ุฏููู ูฺฉุงููู ุงุฑุงูุณู ุฑุงฺฏุงู ูุฏู ุจฺฏุฑุฏ.,Spam
121,"ุณูุฑฺฉ ุจูู ุงููููู ุณุชุงุฑฺฏุงู
ุฑุดุช ููุฏุงู ุดููุฏ ููููพูุฑ
09300232255
09300232211",Spam
122,"๐ตุฎุฑุฏ ู ูุฑูุด ุจุงุฒ ูุง ฺฉุงุฑฺฉุฑุฏูPS4
ุฏุฑ ฺฉู ฺฉุดูุฑ
Crocogame

bit.ly/2L9io9",Spam
123,"ูุดูุจู 6 ูุฑูุฑุฏูู
17:30-Star Wars: The Last Jedi (2017)",Spam
124,"ููุฑูุฒ ููุฏ""ููุช""ุณุงุฒ ูุจุงุฑู. 
www.haftsaz.com 
ููุช ุณุงุฒ 
""ููุณุฑุช ู ุชุฆุงุชุฑ""",Spam
125,"ููุณุฑุช ุงุญุณุงู ุฎูุงุฌู ุงููุฑู
5 ูุฑูุฏููุุชุงูุงุฑูุฌูู
iranconcert.com
09115544100",Spam
126,"ูุฏู ุฏุฌโฺฉุงูุง ูฺู ุดูุง
ฺฉุฏ ุชุฎูู ณฐ ูุฒุงุฑ ุชููุงู ุจุฑุง ุฎุฑุฏูุง ุจุงูุง ณฐฐ ูุฒุงุฑ ุชููุงู
ูุนุชุจุฑ ููุท ุชุง ูุฑุฏุง
ุฏุฑุงูุช ฺฉุฏ:
http://dgka.la/tvr3",Spam
127,"ูพูุดุงฺฉ ยฐ 361

ุชูุฏุฏ ุญุฑุงุฌ ุชุง 29 ุงุณููุฏ.
ฺฏูุณุงุฑ.ุจููุงุฑ ฺฏูุงู.
01333772710",Spam
128,"ฺูุงุฑุดูุจู ฒณ ุงุณููุฏ
ฑน:ฐฐ-Three Billboards Outside Ebbing, Missouri (2017)",Spam
129,"ูพูุดุงู ุขููุงุฌูู

ูููุณููู ุจูุงุฑู ูุฑุฏุงูู ู ุฒูุงูู
ุฏุฑ ูุฑูุดฺฏุงู:

ุฌูููุฑู 02166496358

ููู 02188773359

ูุงุฆู ููุงู 02188822952

ูุฑุฌ 02632233855",Spam
130,"ูพูุดุงู ุขููุงุฌูู

ูููุณููู ุจูุงุฑู ูุฑุฏุงูู ู ุฒูุงูู
ุฏุฑ ูุฑูุดฺฏุงู:

ุฌูููุฑู 02166496358

ููู 02188773359

ูุงุฆู ููุงู 02188822952

ูุฑุฌ 02632233855",Spam
131,"ุฏูุดูุจู ฒฑ ุงุณููุฏ
 19:00-The Shape of Water (2017)",Spam
132,"ุขูพ ุดูุง ุฑุง ุจู ุชูุงุดุงู ูููู ูพุฑุงูุชุฎุงุฑ ุณูููุงู ุงูุฑุงู ""ุจุฏูู ุชุงุฑูุฎุุจุฏูู ุงูุถุง"" ุฏุนูุช ูู ููุฏ.
ุฎุฑูุฏ ุจููุช ุงุฒ:
http://yon.ir/APAP",Spam
133,"ุฏุฌโฺฉุงูุง
ุงุฑุณุงู ฺฉุงูุง ุฏุฑ ฺฉูุชุฑ ุงุฒ ฒด ุณุงุนุช ุฏุฑ ุชูุฑุงู
http://dgka.la/24te",Spam
134,"ุชุฆุงุชุฑููุฒููุงู ุงูููุฑุชูุฆูุณุช
3ุงุฌุฑุงู ูพุงูุงูู
ุฎุฑูุฏ ุขููุงูู:
irannamayesh.com",Spam
135,"ููุณุฑุช ููุฑูุด ุจูุฏ
20 ุงุณููุฏ
ุฎุฑูุฏ ุจุงุงูุชุฎุงุจ ุตูุฏูู:
https://goo.gl/sKggh2",Spam
136,"ููุดูุจู 20 ุงุณููุฏ
19:00-The Shape of Water (2017)",Spam
137,"ูููุงุฏ ุญุถุฑุช ูุงุทูู ุฒูุฑุง(ุณ) ู ุฑูุฒ ูุงุฏุฑ ูุจุงุฑู ุจุงุฏ
ููุช ุณุงุฒ
www.haftsaz.com",Spam
138,"ฺฉุงูุงู ุฑุณู ุจุงูฺฉ ุชุฌุงุฑุช ุฏุฑ ุชูฺฏุฑุงู
https://t.me/tejaratbank2",Spam
139,"ูุดุชุฑู ฺฏุฑุงูู:
ุจุง ูุตุจ ุงูพููฺฉูุดู ูุงูุงูพูุ ุนูุงูู ุจุฑ ุฎุฑูุฏ ุฑุงุญุช ู ุณุฑูุน ุดุงุฑฺุ ุงุฒ ุฎุฏูุงุช ููุฌูุฏู ู ฺฉุงุฑุช ุจู ฺฉุงุฑุช ุจุงูฺฉูุงู ุนุถู ุดุชุงุจ ุจูุฑู ููุฏ ุดููุฏ.
ูููฺฉ ูุตุจ:
http://bit.ly/2E3nrkV
ุจุงูฺฉ ูพุงุณุงุฑฺฏุงุฏ ุจุงูฺฉ ูุฒุงุฑู ุณูู",Spam
140,"ููุณุฑุช ููุฑูุด ุจูุฏ
20 ุงุณููุฏ
ุฎุฑูุฏ ุงุฒ:
02122655457
https://goo.gl/sKggh2",Spam
141,"ูุดุชุฑฺฉ ุนุฒุฒ ููุฒ! 
ุฌุฏุฏุชุฑู ูุณุฎู ุงูพูฺฉุดู ููุฒ ุฑุงูุชูุงูุฏ ุจุง ูุฑุงุฌุนู ุจู ููฺฉ ุฒุฑ ุฏุฑุงูุช ู ูุตุจ ฺฉูุฏ: 
http://i3l.ir/getlenz 
ุฏุฑ ูุณุฎู ุฌุฏุฏ ูุชูุงูุฏ ุจุง ุงูุชุฑูุช ุฑุงฺฏุงู ู ุจุง ฺฉูุช ุจุณุงุฑ ุจุดุชุฑุ ุจู ุฌุฏุฏุชุฑู ูุญุชูุง ููุฒ ุดุงูู ุณุฑุงู ฺฏูุดูุชูุ ุณูุฑูพุฑุงุฒุดูุ ุงุณุชูุฏุชุงูพ ู... ุฏุณุชุฑุณ ุฏุงุดุชู ุจุงุดุฏ. ",Spam
142,"โผ๏ธููุชู ุขุฎุฑ ุญุฑุงุฌ ูพูุดุงู ุขููุงุฌููโผ๏ธ

ูฅููชโ ุชุง ูงููชโ ุชุฎููู

ุงููุฑ ูุดุชุฑููู :

โ๏ธ 02166496358


t.me/almajean1970


Instagram.com/almajean1970",Spam
143,"ุฏูุดูุจู ฑด ุงุณููุฏ
19:00-Loving Vincent (2017)",Spam
144,"ุณูุฑ ุฑุงฺฏุงู ูโุฎูุง
ุฏูุณุชุงุชู ุงุณููพ ฺฉู. ุจู ูุฑ ฺฉุฏูู ธ ูุฒุงุฑ ุชููู ุงุนุชุจุงุฑ ูุฏู ุจุฏู ู ุจู โุงุฒุง ูุฑ ููุฑ ู ุณูุฑ ูุฌุงู ุจุฑู.
ุจู ยซุณูุฑ ุฑุงฺฏุงูยป ุชู ุงูพ ุณุฑ ุจุฒู
http://bit.ly/snp-rfr",Spam
145,"ููุณุฑุช ููุณููู ูุญูู ุฏููููู
ุฑุดุช-15 ุงุณููุฏ-ูุฌุชูุน ุฎุงุชู
www.haftsaz.com",Spam
146,"ููุงูุด ูููุช ู ุฏู ููุดูุช
ุชุฆุงุชุฑ ุดูุฑ
ุฎุฑูุฏ ุขููุงูู:
https://goo.gl/asaoE8",Spam
147,"ููุงูุดูุงูู ุฎูุงูู ุฑูุฒููฺฏุฐุฑุฏ...
ูุญูุฏุฑุญูุงููุงู
19 ุงุณููุฏ
irannamayesh.com",Spam
148," ูพูุดุงฺฉ ยฐ 361
20ุชุง 40 ุฏุฑุตุฏ ุชุฎูู. ููุท ุชุง 18 ุงุณููุฏ.
ุฑุดุช. ฺฏูุณุงุฑ.3377271",Spam
149,"CUT
ุฑูุฒ ูพุฏุฑ ูุจุงุฑู
ุจู ููุงุณุจุช ููุฒูุงูู
ุฑูุฒ ูพุฏุฑ ู ููุฑูุฒ
ูุฑูุด ููฺู ุชุงูพุงูุงู ุชุนุทููุงุช
ุชูุฏูุฏุดุฏ.
ูุฑูุดฺฏุงู ูุงู ุชูุฑุงู
10-22
ุดูุฑุณุชุงููุง
10-14
17-22",Spam
150,"ุฌูู ูุณุช
ุฑูุฒ ูุฑุฏุงู ุฎูุดุชููพ ูุจุงุฑู ุจุงุฎุฑูุฏดูุงูุง+ดูุงูุงูุฏูู
ุฏุฑ New Spring2018",Spam
151,"ECUT
ุฑูุฒ ูพุฏุฑ ูุจุงุฑู
ุจู ููุงุณุจุช ููุฒูุงูู
ุฑูุฒ ูพุฏุฑ ู ููุฑูุฒ
ูุฑูุด ููฺู ุชุงูพุงูุงู ุชุนุทููุงุช
ุชูุฏูุฏุดุฏ.
ูุฑูุดฺฏุงู ูุงู ุชูุฑุงู
10-22
ุดูุฑุณุชุงููุง
10-14
17-22",Spam
152,"*ุฌูู ูุณุช*
ููุฑูุฒุชุงู ูพูุฑูุฒุจุงูุฑ200ูุฒุงุฑุชููุงู ุฎุฑูุฏุูู ูุฑุนู
ูุฑุดุจ ูุฑุนู ูุดู ุฏุฑุดุนุจ ุขูู ูููู ุขุจุฑูุฏ(1-13ุนูุฏ)
ุจู ุงููุฏุฏูุฏุงุฑุชุงู
http://bnmd.ir/FP",Spam
153,"ECUT
ุณุงู ูู ูุจุงุฑู
ุจู ููุงุณุจุช ููุฒูุงูู
ุฑูุฒ ูพุฏุฑ ู ููุฑูุฒ
ูุฑูุด ููฺู ุชุงูพุงูุงู ุชุนุทููุงุช
ุชูุฏูุฏุดุฏ.
ูุฑูุดฺฏุงู ูุงู ุชูุฑุงู
10-22
ุดูุฑุณุชุงููุง
10-14
17-22",Spam
154,"ฺฏูุดูุชู ุจุง ุงูุชุฑูุช ุฑุงฺฏุงู ุงฺฉููู ุฏุฑ ููุฒ!
ุดุงุฏุจุฑูุฏู ุจุนุฏ ุดูุงุจุงุดุฏุ ููุฒ ุจุจูุฏ ู ุฏุฑ ูุฑุนู ฺฉุด ุจุฒุฑฺฏ ุฌูุงุฒ ููุฑูุฒ ุดุฑฺฉุช ฺฉูุฏ:
ุณูุฑ ุจู ุงุณูพุงูุงุ ุฎูุฏุฑู ุณุงูุฏุฑูุ ุขููู 10
ุงุทูุงุนุงุช ุจุดุชุฑุ ุฏุงูููุฏ ู ูุตุจ ุฑุงฺฏุงู: http://i3l.ir/LenzPro",Spam
155,"โฆ๏ธECUTโฆ๏ธ
30-50% ุชุฎููู
ูููู ูุงูุงูุง
https://t.me/ECUTStores",Spam
156,"*ุฌูู ูุณุช*
ูุฑุตุช ุขุฎุฑ ุจุงุฎุฑูุฏ4ูุงูุง+4ูุงูุงูุฏูู
ููุฑูุฒุชุงู ูพูุฑูุฒ",Spam
157,"โฆ๏ธECUTโฆ๏ธ
30-50% ุชุฎููู
ูููู ูุงูุงูุง
https://t.me/ECUTStores",Spam
158,"โฆ๏ธECUTโฆ๏ธ
30-50% ุชุฎููู
ูููู ูุงูุงูุง
https://t.me/ECUTStores",Spam
159,"ุจูู ุนูุฑ ุจุฎุฑุฏุ ุณุงูุฏุฑู ุจุจุฑุฏ

ุชุง ูพุงุงู ุงูุณุงู ูุฑุตุช ุฏุงุฑุฏ ุฏุฑ ุฌุดููุงุฑู ุจูู ุนูุฑ ุฏ ุดุฑฺฉุช ฺฉูุฏ ุชุง ุนูุงูู ุจุฑ ุงุณุชูุงุฏู ุงุฒ ุชุณููุงุช ุงุณุชุซูุง ุจูู ุฏุ ุดุงูุณ ุฎูุฏ ุฑุง ุฏุฑ ูุฑุนู ฺฉุด ุฏู ุฏุณุชฺฏุงู ุฎูุฏุฑู ุณุงูุฏุฑู ุงูุชุญุงู ฺฉูุฏ. 

ูุดุงูุฑู ุงุฒ ุทุฑู http://dayfestival.ir/",Spam
160,"*ุฌูู ูุณุช*
ุจุงุฎุฑูุฏ4ูุงูุง+4ูุงูุงูุฏูู ุฏุฑุญุฑุงุฌ ุชุง 70%
ูุณุชููุงู ููุฑูุฒู",Spam
161,"*ุจุงููู*
ุดุฑูุน ูููุช ุงุฒ10000
Outlet is here
ุงูุจุงุชุงู ูฺฏุงูุงู ุท2
02144632464",Spam
162,"KOTON
ุงุฏุงูู ุญุฑุงุฌ ุชุง50%
ู
ูุงููุดู ุฌุฏูุฏ
instagram.com/kotoniran",Spam
163,"*ุฌูู ูุณุช*
ุจุงุฎุฑูุฏ4ูุงูุง+2ูุงูุงูุฏูู
ุฏุฑุญุฑุงุฌ ุชุง70%
Happy Ladies' Day",Spam
164,"ุณูุฑ ุฑุงฺฏุงู ูโุฎูุง
ุฏูุณุชุงุชู ุงุณููพ ฺฉู. ุจู ูุฑ ฺฉุฏูู ธ ูุฒุงุฑ ุชููู ุงุนุชุจุงุฑ ูุฏู ุจุฏู ู ุจู โุงุฒุง ูุฑ ููุฑ ู ุณูุฑ ูุฌุงู ุจุฑู.
ุจู ยซุณูุฑ ุฑุงฺฏุงูยป ุชู ุงูพ ุณุฑ ุจุฒู
http://bit.ly/snp-rfr",Spam
165,ูุฑูุด ููู ุงูุนุงุฏู-ุจุฏูู ุงูุฒุงุด ููุช ูุณฺฉู ููุฑ ุฑุดุช-ุขุฑุงููุฑูพูุง-02126208619,Spam
166,"ุฏุฌโฺฉุงูุง
ฺฉุฏูุง ุชุฎูู ูฺู ุฌุดููุงุฑู ููุฑ ุฒูุณุชุงู
ุชููุง ุชุง ูพุงุงู ูุฑุฏุง
ูุดุงูุฏู ฺฉุฏูุง:
http://dgka.la/win",Spam
167,"ูุณูุช ููุชู ุงุณุชูุฏุชุงูพุ ุจุฒุฑฺฏุชุฑู ุงุณุชูุฏุขูพ ฺฉูุฏ ูู ุงฺฉููู ุฏุฑ ููุฒ 
ุจุง ุฏุงูุฑ ูุฑู ุณุนุงุฏุชุุนู ูุณุนูุฏ ู ุงูฺฉุง ุนุจุฏุงูุฑุฒุงู 
ููฺฉ ูุณุชูู ุจุฑูุงูู: http://app.lenz.ir:64004/video/10031 ",Spam
168,"ูุงุฑุงู ฺุฑู
ุชุง50%ุชุฎูู+5%ุงุนุชุจุงุฑ
ฺฏูุณุงุฑุูุจุด ุฎ 108
https://t.me/mlco_ir",Spam
169,"ูพูุดููุงุฏ ุดฺฏูุช ุงูฺฏูุฒ
ุชุง ุญุงูุง ุดุฏู ุชุง 90% ูุฒูู ุฎุฑุฏุงุชู ฺฉู ฺฉูุ!
ูุฑ ุฑูุฒ 3 ูพุดููุงุฏ ุดฺฏูุช ุงูฺฏุฒ ุจุง ุงุฑุณุงู 1 ู ุนุถูุช ุฏุฑุณุฑูุณ ฺฉุงูู ุชุฎูู
120ุชููุงู",Spam
170,"6000 ุชููุงู ุงุนุชุจุงุฑูฺฉุงููู  ุงุฑุงูุณู  30ุฑูุฒู ุชููุง ุจุงุฎุฑุฏุจุณุชู600ุชููุงู-
*4444*1*4#",Spam
171,"ูพูุดููุงุฏ ุดฺฏูุช ุงูฺฏูุฒ
ุชุง ุญุงูุง ุดุฏู ุชุง 90% ูุฒูู ุฎุฑุฏุงุชู ฺฉู ฺฉูุ
ูุฑ ุฑูุฒ 3 ูพุดููุงุฏ ุดฺฏูุช ุงูฺฏุฒ ุจุง ุงุฑุณุงู 1 ู ุนุถูุช ุฏุฑุณุฑูุณ ฺฉุงูู ุชุฎูู
120ุชููุงู",Spam
172,"ูุฏู ุดุงุฑฺ ฑฐฐฐ ุชููุงู ุจู ููุงุณุจุช ุฏูู ูุฌุฑ
*ุฑุงฺฏุงู ู ูููุช ูุญุฏูุฏ*
ุงูุฑูุฒ ุจุง ุงุฑุณุงู ฑ
ุนุถูุช ุณุฑูุณ ูุฑูุฒูู
ูพุงูุตุฏ ู ุจุณุช ุชููู",Spam
173,ุจูุงุฑู ุฑูููุง ูุฑุฑูุฒ ฺฉ ูพุงู ุฎุตูุตุ ูฺฉุชู ุขููุฒุด ู ูุตุงุญุจู ุจุฑุงุช ุฏุงุฑู! ููู ุญุงูุง ุจุง ุงุฑุณุงู ุฑุงฺฏุงู 1 ุจุจู,Spam
174,"*ุฌูู ูุณุช*
ููุท ููฺู ุงุนุถุง ุจุง ูุงุฑุช
10%ุชุฎููู ุจูุดุชุฑุฏุฑุญุฑุงุฌ ุชุง70%
ุชูุฏูุฏุชุงุฌูุนู",Spam
175,"ุณูุงู 
ุดุงุฑฺ ูุฏู 1000 ุชููุงู ุงูุฑูุฒุจู ุณูฺฉุงุฑุช ุดูุง ุงุฎุชุตุงุต ุงูุชู 
ุจุง ุงุฑุณุงู1 
ุจุงูุตุจ ูุนุถูุช ุฏุฑุจุงุฒ ุณุฑูุฎ 
ุฑูุฒ300ุชููุงู ููุท ุงูุฑูุฒ 1000ููุฑ ุงูู",Spam
176,"6000 ุชููุงู ุงุนุชุจุงุฑูฺฉุงููู  ุงุฑุงูุณู  30ุฑูุฒู ุชููุง ุจุงุฎุฑุฏุจุณุชู600ุชููุงู-
*4444*1*4#",Spam
177,"ุจุฑูุงูู 35ุ ูฺู ุจุฑูุงูู ุฌุดููุงุฑู ููู ูุฌุฑ ุงูุดุจ ุณุงุนุช 23:00
ุจุงุงุฌุฑุง ูุฑุฏูู ุฌุฑุงู 
ูุจุงุญุถูุฑ ุณุญุฑ ุฏููุชุดุงู 
ูพุฎุด ุงุฎุชุตุงุต ููุท ุฏุฑููุฒ 
ุจุง ุงูุชุฑูุช ุฑุงฺฏุงู ุงุฑุงูุณู ุจุจูุฏ!
ุฏุงูููุฏุฑุงฺฏุงู ุงูพูฺฉุดู http://i3l.ir/getlenz",Spam
178,"ุนุฏุฏ ุฌุงุฒู ุงุช ุฑู ุงุฑุณุงู ฺฉู 
1.ููููS60 
2.ุณูุฑุจู ุงุณูพุงูุง 
3.ุชููพ ู ุช ุดุฑุช ุงุตู 
4.ููู ููุงุฑุฏ 
ุนุถู ุณุฑูุณ ูุฏุฑุณู ูุงูฺฏุง ู ูุฑุนู ฺฉุด ุดู! 
ุฑูุฒ 150ุชููู",Spam
179,"ุจุฑูุงูู 35ุ ูฺู ุจุฑูุงูู ุฌุดููุงุฑู ููู ูุฌุฑ ุงูุดุจ ุณุงุนุช 23:00
ุจุง ุงุฌุฑุง ูุฑุฏูู ุฌุฑุงู
ู ุจุง ุญุถูุฑ  ุ ููุฑุงู ุงุญูุฏุุฑุถุง ุนุทุงุฑุงูุูุญููุฏ ุฑุถู ู ูุญูุฏุนู ุจุงุดู ุขููฺฏุฑ
ูพุฎุด ุงุฎุชุตุงุต ููุท ุฏุฑ ููุฒ
ุจุง ุงูุชุฑูุช ุฑุงฺฏุงู ุงุฑุงูุณู ุจุจูุฏ! 
ููฺฉ ุฏุงูููุฏ ุฑุงฺฏุงู ุงูพูฺฉุดู http://i3l.ir/getlenz",Spam
180,"ุจุฑูุงูู 35ุ ูฺู ุจุฑูุงูู ุฌุดููุงุฑู ููู ูุฌุฑ ุงูุดุจ ุณุงุนุช 23:00
ุจุง ุงุฌุฑุง ูุฑุฏูู ุฌุฑุงู
ู ุจุง ุญุถูุฑ  ุ ูููุงุฒ ุงูุดุงุฑุูุญุณู ฺฉุง ู ูุตุทู ฺฉุง
ูพุฎุด ุงุฎุชุตุงุต ููุท ุฏุฑ ููุฒ
ุจุง ุงูุชุฑูุช ุฑุงฺฏุงู ุงุฑุงูุณู ุจุจูุฏ! 
ููฺฉ ุฏุงูููุฏ ุฑุงฺฏุงู ุงูพูฺฉุดู http://i3l.ir/getlenz",Spam
181,ุจูุงุฑู ุฑูููุง ูุฑุฑูุฒ ฺฉ ูพุงู ุฎุตูุตุ ูฺฉุชู ุขููุฒุด ู ูุตุงุญุจู ุจุฑุงุช ุฏุงุฑู! ููู ุญุงูุง ุจุง ุงุฑุณุงู ุฑุงฺฏุงู 1 ุฏุฑุงูุช ฺฉู,Spam
182,"1000 ุชููู ุดุงุฑฺ ุฑุงฺฏุงู ุจู ุดูุงุฑู 9373773307ุงุฎุชุตุงุต ุฏุงุฏู ุดุฏู ุงุณุช *ููุท ุงูุฑูุฒ* 
ุฏุฑุงูุช:ุงุฑุณุงู ุนุฏุฏ1 
ุฏุฑุงูพ ููุณู 
ุงุดุชุฑุงฺฉ:ุฑูุฒ 300ุชููุงู",Spam
183,"1000ุชููู ุดุงุฑฺ ุฑุงฺฏุงู 
ู 
ุฌูุงุฒุงุฑุงูุณู-ูุงูฺฏุง 
ููููS60 
ุณูุฑ ุจู ุงุณูพุงูุง 
ุจุง ุงุฑุณุงู1 
ุจุง ุฏุนูุช ุงุฒุณู ุฏูุณุช 
ุงุดุชุฑุงฺฉ ุงูพ ุดูุชุจุงู 
ูพุงู300ุชููู",Spam
184,"ุฏูุณุชุช ุฑู ุจู ุงุฑุงูุณู ูู ุฏุนูุช ฺฉู ู 1 ฺฏฺฏ ุงูุชุฑูุช 1 ุฑูุฒู ูุฏู ุจฺฏุฑ 
ููุท ฺฉุงูู ุดูุงุฑู ุฏูุณุชุช ุฑู ุฏุฑ ูุณูุช ยซุฌุงุฒู ุฏุนูุช ุงุฒุฏูุณุชุงูยปูุงุฑุฏ ฺฉู",Spam
185,"ุจู ููุงุณุจุช ุฏูู ูุฌุฑุฑฐฐฐุชููู ุดุงุฑฺ ุจู ุดูุงุฑู9373773307ุงูุฑูุฒ ูุฏู ุฏุงุฏู ู ุดูุฏ 
ูุนุงูุณุงุฒ ุณุฑูุณ ุจูุท ุทูุง ูุฏุฑุงูุช
ุดุงุฑฺ ุจุง ุงุฑุณุงู1
120 ุชููู",Spam
186,"1000 ุชููู ุดุงุฑฺ ุฑุงฺฏุงู ุจู ุดูุงุฑู 9373773307ุงุฎุชุตุงุต ุฏุงุฏู ุดุฏู ุงุณุช *ููุท ุงูุฑูุฒ* 
ุฏุฑุงูุช:ุงุฑุณุงู ุนุฏุฏ1 
ุงูพ ุณุชฺฉ 
ุงุดุชุฑุงฺฉ:ุฑูุฒ ุณุตุฏุชููู",Spam
187,"ุงฺฏุฑ ุฏูุณุช ุงุฑุงูุณูุชุงู ุจุด ุงุฒ ฑ ูุงู ุงุฒ ุงูุชุฑูุช ููุฑุงู ุงุณุชูุงุฏู ูฺฉุฑุฏูุ ุดูุงุฑูโุงุด ุฑุง ุจู ณฑณฐ ูพุงูฺฉ ฺฉูุฏ ุชุง ูุฑ ุฏู 1 ฺฏฺฏ ุงูุชุฑูุช 1 ุฑูุฒู ูุฏู ุจฺฏุฑุฏ 
http://Irancell.ir/promo",Spam
188,ุงุฑุณุงู ุดุงุฑฺูุฏู ุจู ุฏูุณุชุงูุชุงู ุจุง ุดูุงุฑฺฏุฑ #1*142*,Spam
189,"ุฏู ุจุฑุงุจุฑ ุงุนุชุจุงุฑ ูฺฉุงููู ุงุฑุงูุณู ุจุง ุดูุงุฑู ฺฏุฑ 
*4444*1#",Spam
190,"ุจุณุชู ูุง ุงูุชุฑูุช ููุฑุงู ูุทุงุจู ุจุง ุงูฺฏู ูุตุฑู ุดูุง ู ููุฑูู ุจู ุตุฑูู ุชุฑ ุงุฒ ููู ุจุณุชู ูุง 
ูุดุงูุฏู ู ุฎุฑุฏ ุจุง ุดูุงุฑู ฺฏุฑ 
*4444*2#",Spam
191,"2000ุชููู ุดุงุฑฺ ุฑุงฺฏุงู 
ู 
ูุฑุนู ฺฉุด ููููS60 
ุจุง ุงุฑุณุงู1
ู ุฏุนูุช ุดุด ุฏูุณุช
ุนุถูุช ุฏุฑ ูุฑุนู ฺฉุด ูุงูฺฏุง ู
ุณุฑูุณ ูุฏุฑุณู ูุงูฺฏุง 
ูพุงู ุตุฏููพูุฌุงู ุชููู",Spam
192,ูุฑุฑูุฒุฏุฑุงูพูฺฉุดู ุงุฑุงูุณู ููุูุงุฑุฏูุณูุชยซุชฺฉุงู ุดฺฏูุช ุงูฺฏุฒยปุดูุฏูุจุงุชฺฉุงู ุฏุงุฏู ฺฏูุดุชุงูุ ุจุณุชูโูุง ูพุงูฺฉุุชูุงุณุุงูุชุฑูุช ุงฺฉุฏุชุฎูู ุฎุฑุฏุงุฒูุฑูุดฺฏุงู ูุง ุงูุชุฑูุชุุจุฑูุฏู ุดูุฏ!,Spam
193,"ุฌุดููุงุฑู ุดฺฏูุช ุงูฺฏุฒ ูุฌุฑ
ุทุฑุญ ุจุฒุฑฺฏ ุงูุฏุง ุดุงุฑฺ1000ุชููู ุจู ุชูุงู ูุดุชุฑฺฉู
ุชููุงุงูุฑูุฒุจุงุงุฑุณุงู ุนุฏุฏ1 ู ุงุดุชุฑุงฺฉ ุณุฑูุณ ุงุฑุงู ูู ุดุงุฑฺุดูุฏ 
120ุชููุงู",Spam
194,ุฒูุฏฺฏ ุฎูุฏ ุฑุง ุดูุง ุฏูุฏ. ุณุฑูุณ ุดูุง ุฒูุฏฺฏ ุดูุงุฑู 1 ุฑู ุจู 737136 ุงุฑุณุงู ฺฉู ููุช 100 ุชููุงู,Spam
195,"ูุฏููุง ูุงุงุจ ู ุฏุฏู ุณููุง ุงุฑุงู ุฏุฑุงูพูฺฉุดู ููุณู ูุฏู 
ุฏุฑุงูุช ุดุงุฑฺ 1000 ุชููู ู ุนุถูุช ููุท ุงูุฑูุฒ ุจุง ุงุฑุณุงู 1 
ุฑูุฒุงูู 300 ุชููุงู ",Spam
196,"ุฏูุณุช ุฏุงุฑ ุจุฑ ุงุณูพุงูุงุ 
ุฌูฺฏ ุฑููุงูุฏู ู ูุณ ุฏุฑ ุงู ฺฉูุงุณฺฉู ุฑู ุชูุงุดุง ฺฉูุ 
ุงุฑุณุงู1 

ุจุฑุง ุนุถูุช ุฏุฑ ูุฑุนู ฺฉุด ู 
ุงูพ ุดูุชุจุงู ุฑูุฒ ุณุตุฏุชููู",Spam
197,"*ุฌูู ูุณุช*
ููุท ููฺู ุงุนุถุง ุจุง ูุงุฑุช
10%ุชุฎููู ุจูุดุชุฑุฏุฑุญุฑุงุฌ ุชุง70%
Blue: 8-12%
Silver: 15%
Gold: 20%
ุฎุฑูุฏุขููุงูู:
Banimode.com",Spam
198,"ุนุฏุฏ ุฌุงุฒู ุงุช ุฑู ุงุฑุณุงู ฺฉู 
1.ููููS60 
2.ุณูุฑุจู ุงุณูพุงูุง 
3.ุชููพ ู ุช ุดุฑุช ุงุตู 
4.ููู ููุงุฑุฏ 
ุนุถู ุณุฑูุณ ูุฏุฑุณู ูุงูฺฏุง ู ูุฑุนู ฺฉุด ุดู! 
ุฑูุฒ 150ุชููู",Spam
199,"ูุณูุช ูพูุฌู ยซุงุณุชูุฏุชุงูพยปุ ุจุฒุฑฺฏุชุฑู ูุณุงุจูู ุงุณุชูุฏุขูพ ฺฉูุฏ ุงุฑุงู ุฑุง ุจู ุตูุฑุช ุฑุงฺฏุงู ุชููุง ุฏุฑ ููุฒ ุฏูุจุงู ฺฉูุฏ! 
ููฺฉ ุฏุงูููุฏ ุฑุงฺฏุงู ุงูพูฺฉุดู http://i3l.ir/getlenz ",Spam
200,ุจูุงุฑู ุฑูููุง ูุฑุฑูุฒ ฺฉ ูพุงู ุฎุตูุตุ ูฺฉุชู ุขููุฒุด ู ูุตุงุญุจู ุจุฑุงุช ุฏุงุฑู ููู ุญุงูุง ุจุง ุงุฑุณุงู ุฑุงฺฏุงู 1 ุจุจู,Spam
201,"ููุฌูุฏ ฺฉุงุฑุช ุจุงูฺฉ
ุฎุฏูุช ุฌุฏุฏ ุงูพูฺฉุดู ูู ูุดุชุงุฏ
ูุฑ ุฎุฑุฏุดุงุฑฺุุจุณุชู=ตุดุงูุณ ูุฑุนู ฺฉุด ฒฐถ
ูุฎุตูุต ฺฉุงุฑุจุฑุงู ุงูพูฺฉุดู
ุฏุงูููุฏ:
โhttp://app.780.ir",Spam
202,"ูพุฎุด ุฒูุฏู ู ุงุฎุชุตุงุต ุขุฑุณูุงู-ุงูุฑุชูู ุงูุดุจ ุณุงุนุช 21:00ุ ุจุง ฺฏุฒุงุฑุดฺฏุฑ ุงุฎุชุตุงุต ุฏุฑ ยซููุฒุงุณูพุฑุชยป 
ูุจ ุณุงุช ููุฒ ุงุณูพุฑุช http://lenzsport.tv 
ฺฉุงูุงู ุฑุณู ููุฒุงุณูพุฑุช ุฏุฑ ุชูฺฏุฑุงู https://t.me/lenzSport ",Spam
203,"ูุจูุบ ตูฌตฐฐ ุชููุงู
ุจุงุจุช ูุฑุด ููุฏ
ูพุฑุฏุงุฎุช ูุฑูุงุฏ:
https://bahamta.com/9975/37-638558

ูุฑุณุชูุฏู: ูุญูุฏ ุงูู ูุฑ ููฺฏ
09025121024",Spam
204,"ููููS60 
ู 
ุณูุฑุจู ุงุณูพุงูุง 
ุจุง ุงุฑุณุงู ุนุฏุฏ 

7ุจุฑุง ุฑุฆุงู ูุง 
10ุจุฑุง ุจุงุฑุณุง ูุง 

ุนุถูุช ุฏุฑ ูุฑุนู ฺฉุด ู ุจุงุช ุชูฺฏุฑุงู ุทุฑูุฏุงุฑ 
ุฑูุฒ300ุชููู",Spam
205,"ุจุณุชู ูฺู 2ฺฏฺฏุงุจุงุชุ 
5000ุชููุงู 
ุฎุฑุฏ ุงุฒ
*5#
ูููุช ุงุณุชูุงุฏู ุชุงูพุงุงู22ุจููู",Spam
206,ูุฏุฆููุง ุงุฎุชุตุงุต ุงุฒ ุฒูุฏฺฏ ููุชุจุงูุณุชโูุงุ ฺฉุงูุงุจ ูุงุุฑุญูุชุูุณููุงู ู ... ุจุฑุง ุฏูุจุงู ฺฉุฑุฏู ุณุจฺฉ ุฒูุฏฺฏ ุจุงุฒฺฉู ููุฑุฏ ุนูุงููโุงุช ุง ุจุง ุงุฑุณุงู ุฑุงฺฏุงู 1 ุดุฑูุน ฺฉู ุณุตุฏุชูููโุฑูุฒุงูู,Spam
207,"ุขุฎุฑ ููุชู ุง ุดุงุฏ ุจุง ููุฒ 
ุงุณุชูุฏ ุชุงูพุ ุณูุฑูพุฑุงุฒ ุดู ุฑุง ููุท ุฏุฑ ููุฒ ุจุจูุฏ 
ููฺฉ ุฏุงูููุฏ ุฑุงฺฏุงู ุงูพูฺฉุดู http://i3l.ir/getlenz ",Spam
208,"2000ุชููู ุดุงุฑฺ ุฑุงฺฏุงู ุจุฑุง ูุงูฺฏุง ูุง 
ู 
ูุฑุนู ฺฉุด ููููS60 
ุจุง ุงุฑุณุงู1 
ู ุฏุนูุช ุดุด ุฏูุณุช 
ุงุดุชุฑุงฺฉ ุณุฑูุณ ูุฏุฑุณู ูุงูฺฏุง ูพุงู ุตุฏููพูุฌุงุชููู",Spam
209,"ุฎูุฏุฑู ููููS60
ู
ุณูุฑุจู ุงุณูพุงูุง ุจุฑูุฏู ุดู!
ุจุงุงุฑุณุงู ุนุฏุฏ 
7ุจุฑุง ุฑุฆุงู ูุง 
10ุจุฑุง ุจุงุฑุณุง ูุง
ุนุถูุช ุฏุฑ ูุฑุนู ฺฉุด 
ู ุงูพ ุฌุงู ุจุฑุชุฑ 
ุฑูุฒ ุณุตุฏุชููู",Spam
210,ุงุนุชุจุงุฑุดูุงุฑูุจู ูพุงุงู ุงุณุช.ุฏุฑุฎูุงุณุช ูุฒูู ุชูุงุณ ุงุฒูุฎุงุทุจ ุจุง #ุดูุงุฑู ููุตุฏ*704*,Spam
211,"ยซุงุณุชูุฏุชุงูพยปุ ุจุฒุฑฺฏุชุฑู ูุณุงุจูู ุงุณุชูุฏุขูพ ฺฉูุฏ ุงุฑุงู ุฑุง ุจู ุตูุฑุช ุฑุงฺฏุงู ุชููุง ุฏุฑ ููุฒ ุฏูุจุงู ฺฉูุฏ! 
ููฺฉ ุฏุงูููุฏ ุฑุงฺฏุงู ุงูพูฺฉุดู http://i3l.ir/getlenz ",Spam
212,"ุงฺฏุฑ ุฏูุณุช ุงุฑุงูุณูุชุงู ุจุด ุงุฒ ฑ ูุงู ุงุฒ ุงูุชุฑูุช ููุฑุงู ุงุณุชูุงุฏู ูฺฉุฑุฏูุ ุดูุงุฑูโุงุด ุฑุง ุจู ณฑณฐ ูพุงูฺฉ ฺฉูุฏ ุชุง ูุฑ ุฏู 1 ฺฏฺฏ ุงูุชุฑูุช 1 ุฑูุฒู ูุฏู ุจฺฏุฑุฏ 
http://Irancell.ir/promo",Spam
213,"ุจุง ูุฑ ุจุงุฑ ุดุงุฑฺ 2ูุฒุงุฑุชููุงู ูุจุงูุงุชุฑุ ูุนุงุฏู ุดุงุฑฺ ุฎุฑุฏุงุฑ ุดุฏูุ ุงุนุชุจุงุฑูฺฉุงููู ุงุฑุงูุณู ุฑุงฺฏุงู ุจฺฏุฑุฏ.
http://Irancell.ir/promo",Spam
214,ูุฏุฆููุง ุงุฎุชุตุงุต ุงุฒ ุฑูุฒูุฑูฺฏ ููุฑููุฏุงู ู ููุชุจุงูุณุชโูุง. ฺฉุงูุงุจ ูุงุุฑุญูุชุุบููุฑุงูุฺููู ู... ุจุฑุง ุฏูุจุงู ฺฉุฑุฏู ุณุจฺฉ ุฒูุฏฺฏ ุจุงุฒฺฏุฑุง ุจุง ุงุฑุณุงู ุฑุงฺฏุงู 1 ุดุฑูุน ฺฉู,Spam
215,"ุจุณุชู ูฺู 2ฺฏฺฏุงุจุงุชุ 
5000ุชููุงู 
ุฎุฑุฏ 
*5#
ูููุช ุงุณุชูุงุฏู ุชุงูพุงุงู13ุจููู",Spam
216,ูุฏุฆููุง ุงุฎุชุตุงุต ุงุฒ ุฑูุฒูุฑูฺฏ ููุฑููุฏุงู ู ููุชุจุงูุณุชโูุง. ฺฉุงูุงุจ ูุงุ ุฑุญูุชุ ุบููุฑุงูุ ฺููู ู ..  ุจุฑุง ุฏูุจุงู ฺฉุฑุฏู ุณุจฺฉ ุฒูุฏฺฏ ุจุงุฒฺฏุฑุง ุจุง ุงุฑุณุงู ุฑุงฺฏุงู 1 ุดุฑูุน ฺฉู ุณุตุฏุชูููโุฑูุฒุงูู,Spam
217,"ุจุง ุงุดุชุฑุงฺฉ ุฑูุฒุงูู ุฏุฑ ููุฒ ุชููุง ุจุง 400 ุชููุงู ูุงูุญุฏูุฏ ููู ุชูุงุดุง ฺฉูุฏ 
ุงุฑุซู ูพุฏุฑุุธููุฑ ุณุงุฑู ูููู ูุงุูุงูู ุฎุฑฺฏูุด ู... 
ููฺฉ ุฏุงูููุฏ ุฑุงฺฏุงู ุงูพูฺฉุดู http://i3l.ir/getlenz 
ฺฉุงูุงู ุฑุณู ููุฒ ุฏุฑ ุชูฺฏุฑุงู: http://t.me/lenz_IPTV ",Spam
218,"1000ุชููู ุดุงุฑฺุฑุงฺฏุงู ุจู
ุดูุงุฑู9373773307ุงุฎุชุตุงุต ุฏุงุฏู ุดุฏู ุงุณุช
ุงูุฑูุฒ
ุฏุฑุงูุช:ุจุงุงุฑุณุงู2
ุจุง ุฏุนูุช ุงุฒ3ููุฑ
ุงูพ ฺฏุงู ูุง ุทูุง
ุงุดุชุฑุงฺฉ:ุฑูุฒ ุณุตุฏุชููู",Spam
219,ุงุนุชุจุงุฑุดูุงุฑูุจู ูพุงุงู ุงุณุช.ุฏุฑุฎูุงุณุช ูุฒูู ุชูุงุณ ุงุฒูุฎุงุทุจ ุจุง #ุดูุงุฑู ููุตุฏ*704*,Spam
220,"ูุณูุช ุฏูู ""ุงุณุชูุฏุชุงูพ""ุจุฒุฑฺฏุชุฑู ูุณุงุจูู ุงุณุชูุฏุขูพ ฺฉูุฏ ุงุฑุงู ุจู ุทูุฑ ุงุฎุชุตุงุต ุฏุฑ ููุฒ 
ุจุง ูุถุงูุช ููุฑุงุจ ูุงุณู ุฎุงูุุงูฺฉุง ุนุจุฏุงูุฑุฒุงูุุนู ูุณุนูุฏ ู ูุฑู ุณุนุงุฏุช 
ุจุง ุงูุชุฑูุช ุฑุงฺฏุงู ุงุฑุงูุณู ุชูุงุดุง ฺฉูุฏ 
ููฺฉ ุฏุงูููุฏ ุฑุงฺฏุงู ุงูพูฺฉุดู http://i3l.ir/getlenz 
ฺฉุงูุงู ุฑุณู ููุฒ ุฏุฑ ุชูฺฏุฑุงู: http://t.me/lenz_IPTV ",Spam
221,"KOTON
ุญุฑุงุฌ ูพุงูุงู ูุตู ุชุง50%ุชุฎููู
ุงุฏุงูู ุฏุงุฑุฏ
t.me/kotoniran",Spam
222,"*ุฌูู ูุณุช*
ุฏุฑุญุฑุงุฌ ุชุง70%
ุจุงุฎุฑูุฏ2ุดููุงุฑ+1ุดููุงุฑ ูุฏูู
ููุท5ุฑูุฒ
banimode.com",Spam
223,"ุฏุฌโฺฉุงูุง
ุชููุง ฺูุฏ ุณุงุนุช ุชุง ูพุงุงู ุฌุดููุงุฑู ุชููุฏุ
ุชุฎูู ุชุง ธต%
ูุฏ ุชุฎูู ูฺู ุดูุง ุฏุฑ ููู ุฒุฑ
http://dgka.la/brt4",Spam
224,"ุฏูุณุชุช ุฑู ุจู ุงุฑุงูุณู ูู ุฏุนูุช ฺฉู ู1ฺฏฺฏ ุงูุชุฑูุช1ุฑูุฒู ูุฏู ุจฺฏุฑ 
ููุท ฺฉุงูู ุดูุงุฑู ุฏูุณุชุช ุฑู ุฏุฑ ูุณูุช ยซุฌุงุฒู ุฏุนูุช ุงุฒุฏูุณุชุงูยปูุงุฑุฏ ฺฉู",Spam
225,00ุฏููู ุชูุงุณ ูุฏู ุจุง1ุฏููู ุชูุงุณ.ุฏุฑุตูุฑุช ุงุณุชูุงุฏู ูพุงู ุฑุงูุงุฏุฏู ุจฺฏุฑุฏ,Spam
226,100ุฏููู ุชูุงุณ ูุฏู ุจุง1ุฏููู ุชูุงุณ.ุฏุฑุตูุฑุช ุงุณุชูุงุฏู ูพุงู ุฑุงูุงุฏุฏู ุจฺฏุฑุฏ,Spam
227,"4ุฏูุฑุจู ฺฉุงูู ุฌุงุฒู ูุณุงุจูู ููุชุจุงููุฒ 
ุงุฒุฎูุฏ ุงุงุฒุฌูุน ููุชุจุงูุชุงู ููู ูุนฺฉุณ ุจฺฏุฑุฏ 
ูุจุงูุดุชฺฏ #ููุชุจุงููุฒ ุจู ุงุดุชุฑุงฺฉ ุจฺฏุฐุงุฑุฏ 
https://i3l.ir/l",Spam
228,100ุฏููู ุชูุงุณ ูุฏู ุจุง1ุฏููู ุชูุงุณ.ุฏุฑุตูุฑุช ุงุณุชูุงุฏู ูพุงู ุฑุงูุงุฏุฏู ุจฺฏุฑุฏ,Spam
229,"ููุท ุงูุฑูุฒุจุงุฎุฑุฏ ูพุดูุงุฒูุง ุดุจ ูุฏุฑ
ุจู ุชุฎูู ุฎุฑุฏ15ูุฒุงุฑุชููู ุจุฑุง ููู
ุงุฑุณุงู ฺฉุฏุจู7575
ุดุจ ุชูุฏูุฑุฒููู/ุจุฐุฑ/33
ุจุญู ูุฐุงููุฑุขู/ุดูุน/34
300ุชููู",Spam
230,ุงุนุชุจุงุฑุดูุงุฑูุจู ูพุงุงู ุงุณุช.ุฏุฑุฎูุงุณุช ูุฒูู ุชูุงุณ ุงุฒูุฎุงุทุจ ุจุง #ุดูุงุฑู ููุตุฏ*704*,Spam
231,"ูุดุชุฑฺฉ ุนุฒุฒ 989334581371ุ
ุงุนุชุจุงุฑ ุจุณุชู ฺฉูุงูู 3 ฺฏฺฏ ุชูุงู ุฑูุฒ ุดูุง ุชุง 1 ุฑูุฒุขูุฏู ุจู ุงุชูุงู ูุฑุณุฏ.
ุจุง ุดูุงุฑูโฺฏุฑ ฺฉุฏ *555*1*4# ุงุฒ ูุฒุงู ูุงูุฏู ุจุณุชู ุฎูุฏ ูุทูุน ุดูุฏ.
ุจุง ุฎุฑุฏ ุจุณุชูุ ูุฒุงู ูุตุฑู ุงูุชุฑูุช ุฎูุฏ ุฑุง ูุฏุฑุช ฺฉูุฏ.
ุฎุฑุฏ ุจุณุชู ุจุง *555*5#
ุง ุงุฑุงูุณู ูู
http://irancell.ir/myirancell",Spam
232,ุงุฑุณุงู ุดุงุฑฺูุฏู ุจู ุฏูุณุชุงูุชุงู ุจุง ุดูุงุฑฺฏุฑ #1*142*,Spam
233,"ูพุฑุณูพููุณ ูุงุ ุงุณุชููุงู ูุง 
ููุฑูุงู ูุจุงุฑฺฉ! 
ุงุฒ ุชู ููุฑุฏ ุนูุงูู ุฎูุฏ ุญูุงุช ฺฉูุฏ
*3030#
ุงุฑุงูุณู ุญุงู ุชู ูุง ูพุฑุณูพููุณ ู ุงุณุชููุงู",Spam
234,"ูุดุชุฑฺฉ ฺฏุฑุงู 989334581371ุ
ุดูุง 80% ุงุฒ ุญุฌู ุจุณุชู ฺฉูุงูู 3 ฺฏฺฏ ุชูุงู ุฑูุฒ ุฑุง ุงุณุชูุงุฏู ฺฉุฑุฏู ุงุฏ. 
ูุทูุง ุชูุฌู ุฏุงุดุชู ุจุงุดูุฏ ุฏุฑุตูุฑุช ฺฉู ุจุณุชู ุดูุง ุจู ุตูุฑุช ุชูุฏุฏ ุฎูุฏฺฉุงุฑ ุฎุฑุฏุงุฑ ุดุฏู ุจุงุดุฏ ุฏุฑุชุงุฑุฎ ุงููุถุง ูุง ุจุง ุฑุณุฏู ุจู ุญุฌู 50 ูฺฏุงุจุงุชุ ูุฌุฏุฏุง ูุนุงู ู ุดูุฏ. ุงูุตุฑุงู ุงุฒุชูุฏูุฏ ุฎูุฏฺฉุงุฑ ุจุง ุดูุงุฑู ฺฏุฑ #9*5*555* ู ุง ุงุฒุทุฑู ุงูพูฺฉุดู ุงุฑุงูุณูโูู.
http://irancell.ir/myirancell
ุดูุงฺฉ ุจุณุชู ุฏุงุฑุฏ! 
*444*2#
ุฏุฑุฎูุงุณุช ุดุงุฑฺ ุงุถุทุฑุงุฑ:
*815#",Spam
235,"ููุท ุชุง ุขุฎุฑ ุงุฑุฏุจูุดุช ูุงู ูุฑุตุช ุดุฑฺฉุช ุฏุงุฑุฏ ุฏุฑ ูุฑุนู ฺฉุด ฺฉ ุฎูุฏุฑู 700ูููู ุชููุงู ุดุฑฺฉุช ฺฉูุฏ!
ุงุณุชููุงู ูุง44 ูพุฑุณูพููุณ ูุง66 ุชุฑุงฺฉุชูุฑ ูุง 33 ุฑุง ุจู 3030 ุจูุฑุณุช",Spam
236,ูุนูู ููุชููู ุจูุงู ุงูุง ุตุจ ูู,Non Spam
237,ููุฑู ูุงุฑู ูููุฏูุ,Non Spam
238,ุจุงูุงู ููุงููฺฏ ููฺฉูู ูพุณุ,Non Spam
239,ูพููุงู ุตุจุญ ฺฺฉ ฺฉู ุจูุฏุงุฑู ุจุนุฏ ุฑุงู ุจููุชุง,Non Spam
240,ุณูุงุงู,Non Spam
241,ุฎูุจูุ,Non Spam
242,ูพููุงู ููุงูุชุฑู ุฏุงุฏู ฺฉุงูู ฺฉู ูุณุชุดุ,Non Spam
243,ุฏุงูุดฺฏุงู ุฑูุชู ุงูุฑูุฒุ,Non Spam
244,ุดุฑฺฉุช ูููุงูุ,Non Spam
245,ุฌุฒูู ุดุงฺฉุฑู ุฑู ููุงุฑูุ,Non Spam
246,ูุฑุณูู ูุฑุจุงูุช ููู ุฎูุจู,Non Spam
247,ุตุฏู ูุฑุฏุง ฺฉูุงุณ ุฏุงุฏู ฺฉุงูู ูุฏุงุฑูู,Non Spam
248,ุธูุฑ ฺฏูุช ุงุญุชูุงูุง ุชุดฺฉูู ูููุดู,Non Spam
249,ฺฏูุชู ุจฺฏู ุชุง ูุงุฏู ูุฑูุชู ูุฑุฏุง ุงูฺฉู ูุงุณู ูู ฺฉูุงุณ ูุฑู,Non Spam
250,ุจุจุฎุดูุฏ ูู ุฏูุฑ ูพูุงู ุฏุงุฏู ุจููุงุฑุณุชุงู ุจูุฏู,Non Spam
251,ุจฺฏู ฺูฺฉุงุฑ ฺฉูู ุงููุฏู,Non Spam
252,ุฎุจ ูพุณ ุจุฒุงุฑ ุจูุช ุจู ุฎุจุฑ ุฎูุจ ุจุฏู,Non Spam
253,ูู ุฏูุฑูุฒ ุฑูุชู ฺฉู,Non Spam
254,ุนูุฏ ุฎูุด ููฺฏุฐุฑูุ,Non Spam
255,ุญุงูุช ููุฒูููุ,Non Spam
256,ุงูุง ุจฺฏู ูุงููุณุง ูฺฉ ุงุฑุฏูุจูุดุช ูุจุงุดู,Non Spam
257,ูุฑุจููุช ููู ุฎูุจู,Non Spam
258,ููุชููู ูู ูููุช ุจุฏูุ,Non Spam
259,ุชูุฑูู 1 ูุตู 4 ุงุดุชุจุงูู ุจุฑุงู ุนุทุงุฑุ,Non Spam
260,ฺูุงุฑ ูู ุจุฑุงู ุนุทุงุฑ ุฑู ุฏุงุฑู,Non Spam
261,ููุฎูุงู ุจูุฑุณุชูุ,Non Spam
262,ูุฑุชุจ ููุดุชูุด,Non Spam
263,ุงุตูู ุฑุจุงุชูฺฉ ุฑู ููุฎูุงูุ,Non Spam
264,ููุช ูฺฉุฑุฏู ุจุจููู ุงุตูุง ฺูู,Non Spam
265,ฺฉุฌุงููุ,Non Spam
266,ูู ุจุดููู ุจูููุณู ุงููุงุฑู,Non Spam
267,ุณุฑู ูพูุฌ ุฑู ููฺฏูุง,Non Spam
268,ูููุชุด ุชุง ุงูุฑูุฒู,Non Spam
269,ุขูุง ุชููุฏุช ูุจุงุฑฺฉ,Non Spam
270,ุงููููุดู ุจฺฏูุฑ,Non Spam
271,ุญูู,Non Spam
272,ุงุฒ ุจููุงุฏ ุฎุจุฑู ูุดุฏ ุ ??,Non Spam
273,ฺฉูุณู ุดุฏ ุ,Non Spam
274,ุขูุง ุณุงุนุช ฺูุฏ ููุฑู ุดุฑฺฉุช ุ,Non Spam
275,ุขุฑู,Non Spam
276,ุขุฑู,Non Spam
277,ุญูู,Non Spam
278,ุญูู,Non Spam
279,ุงุฒุด ุงุณุชูุงุฏู ูู ูฺฉุฑุฏู ููู ููุณุช,Non Spam
280,ุญูู,Non Spam
281,ุญูู,Non Spam
282,ุณูุงู,Non Spam
283,ุฎูุจู ุ,Non Spam
284,ุขูุง ููู ุงูุฑูุฒ ูููุชููู ุจุฑู ุดุฑฺฉุช,Non Spam
285,ุฏู ุฑูุฒ ูุฑูุถ ุจูุฏู,Non Spam
286,ุงูุฑูุฒ ุดุฑฺฉุช ููุฑู ุ,Non Spam
287,ููฺู ุญู ุดุฏ,Non Spam
288,ุขูุง ุณุงุนุช ฺูุฏ ููุฑู ุดุฑฺฉุช ุ,Non Spam
289,ุขูุง,Non Spam
290,ฺฏุฑูุชู,Non Spam
291,ุงูฺฉู,Non Spam
292,ููุท ุงฺฏู ูุชูู ูุฑุฏุง ุงูู ููู ุฑู ู ูฺฏุงู ุจูุฏุงุฒ ุชุง ู ุจุงุฑ ููู ุจุจูู ฺฉุงูู ููุงููฺฏ ฺฉูู ุจุนุฏ ุดุฑูุน ฺฉูู,Non Spam
293,ูุฑุณ,Non Spam
294,ุงูุฑูุฒ ุฑูุช ุดุฑฺฉุช ุ,Non Spam
295,ุดูุจู ูุฑุฏ ุ,Non Spam
296,ุญูู,Non Spam
297,ุณูุงู,Non Spam
298,ุฎูุจ ุ,Non Spam
299,ูุฑุณ ุชู ุฎูุจุ,Non Spam
300,ุขูุง ููุชุช ุขุฒุงุฏู,Non Spam
301,ุขุฑู ุงูุฑูุฒ ุชููู ุดุฏ,Non Spam
302,ููุชู  ุจุนุฏ ุฏุฑู ุ,Non Spam
303,ุฏูุดูุจู,Non Spam
304,ุขูุง,Non Spam
305,ุจุงุฒ ุฎูุจู,Non Spam
306,ุฎููู ููุชู ูุฎููุฏู,Non Spam
307,ฺุฑุง ุจุงุจุง,Non Spam
308,ุดูุฎู ููููู,Non Spam
309,ุงุฑู,Non Spam
310,ุฌุง ููุดู,Non Spam
311,ุงูููู,Non Spam
312,ููุฏู,Non Spam
313,ููุท ุจุฑู,Non Spam
314,ูููุฏููู,Non Spam
315,ุจุงูุฏ ุฒูฺฏ ุจุฒูู,Non Spam
316,ฺุฑุง,Non Spam
317,ุฑูุชู ุชุนููู ุณุทุญ ุฏุงุฏู,Non Spam
318,ุงูุชุงุฏู ุงููุชุณ,Non Spam
319,ุฎููู ูุดูฺฏู,Non Spam
320,ุงุฑู ููู,Non Spam
321,ุนุงููููููู,Non Spam
322,ุฌุงูุ,Non Spam
323,ุงุฑู ุงูุดุงูุง ู ุจุฑุณู,Non Spam
324,ูุงุณู ูู ุดุฏ,Non Spam
325,ฺุฑุง,Non Spam
326,ุนู ููุด ูู ูพุณ,Non Spam
327,ุงุฑู,Non Spam
328,ูุนุงู ุดุฏ,Non Spam
329,ุฏุณุชุช ุฏุฑุฏ ูููู,Non Spam
330,ุจุจุฎุดูุฏ ููุชุชู ฺฏุฑูุชู,Non Spam
331,ุงูุฑูู,Non Spam
332,ู ุจุงุจุง,Non Spam
333,ุงุฑู,Non Spam
334,ุจุงุดู,Non Spam
335,ูพุณ ุจุฎูุงุจูู,Non Spam
336,ุงุณูุด ฺูู,Non Spam
337,ุฎููููููู,Non Spam
338,ุฏูู ููฺฏูุฑู,Non Spam
339,ฺู,Non Spam
340,ุจุงุดู,Non Spam
341,ูู,Non Spam
342,ูุฑุฏุง ูจ ุตุจุญ ููุงุณ ุฏุงุฑู,Non Spam
343,ุงุฎุฑุดู,Non Spam
344,ุณุงุนุช ุฏู ู ููู ุงููุง,Non Spam
345,ุฎูุดุจุญุงูุช ุฏูฺฏู,Non Spam
346,ูู ูุงูุนุง ุญูุตูู ุงุฑุงุฆู ุฑู ูุฏุงุฑู,Non Spam
347,ฺุฑุงุงุง,Non Spam
348,ูุงู,Non Spam
349,ฺุฑุง ุฎูุดุจุญุงูู,Non Spam
350,ูุนููู ููุณ ุญุงูุง ุงุณุชุงุฏ ฺุฌูุฑู ููุฑู ููุฏู ูุง,Non Spam
351,ููููู,Non Spam
352,ุชู ุฎูุงุจุช ูููุงุฏุุุ,Non Spam
353,ุณูุงุงู,Non Spam
354,ูุฑุณู ุฎูุจู,Non Spam
355,ุณูุงูุช,Non Spam
356,ุชู ฺู ุฎุจุฑุ,Non Spam
357,ููฺู ุณูุงูุชู,Non Spam
358,ุงุฑู,Non Spam
359,ุนู ุฎุจ ฺุทูุฑุ,Non Spam
360,ุฎูุจ ุจูุฏุ :)),Non Spam
361,ูุง ูููุฏูู ุงุฎุฑุง,Non Spam
362,ุงุณุชุงุฏ ุญุงู ูุฏุงุดุช,Non Spam
363,ููุชุงู ุชูุถูุญ ุฏุงุฏูู,Non Spam
364,ุชููู ุดุฏ ุฑูุช,Non Spam
365,ููุฑู ูุฑุฏุง,Non Spam
366,ุจุฐุงุฑ ุจุจูู ฺ ู ุดู,Non Spam
367,ุจุงุดู,Non Spam
368,ุงูู ุฒุฏู ุจูุฏู,Non Spam
369,ุฑูุชู ุงูุถุง ฺฏุฑูุชู,Non Spam
370,ุฏุดุจ,Non Spam
371,ูู ุจุฎูุงุจู ุฏุฑุฏ ุฏุงุฑู,Non Spam
372,ุดุจุช ุฎูุด,Non Spam
373,ุงูุฑูุฒ ุดุฑฺฉุช ู ุฑุ,Non Spam
374,ูุฑุจุงูุช,Non Spam
375,ูพุงู ุฏุงุฏู ุจูุฏ :\,Non Spam
376,ูุฎูุง ุจุฑุ,Non Spam
377,ุงูุฑูุฒ ุชุง ุนุตุฑ ุจุฑููู,Non Spam
378,ุจุฑฺฏุดุชู ุฎููู ุฏุฑุณุชุด ู ฺฉูู,Non Spam
379,ุฏุฏู ุจูุฏู ุงููุง ฺฉู ฺฏุฐุงุดุช ุฑู ุฏุฑูุฒ,Non Spam
380,ุงูุฑูุฒ ุดุฑฺฉุช ูู ุฑู,Non Spam
381,ูููุช ุชุญููุด ุชุง ฺฉ ูุณุชุ,Non Spam
382,ุจุจุฎุดุฏ,Non Spam
383,ุณูุงู,Non Spam
384,ูุฑุณ ุฏูุช ฺฏุฑู,Non Spam
385,ฺฺฉ ูฺฉูู ุงูุดุจ,Non Spam
386,ุงูู,Non Spam
387,ุขุฑู ุญุชูุง,Non Spam
388,ูุจูุง ฺฉุงุฑ ฺฉุฑุฏู,Non Spam
389,ูพุฏุงุด ฺฉุฑุฏู,Non Spam
390,ฺุดู,Non Spam
391,ุงูฺฉ ุดุฏ,Non Spam
392,ุขูพููุฏ ฺฉุฑุฏู,Non Spam
393,ูุฑุณ,Non Spam
394,ุฏูุช ฺฏุฑู,Non Spam
395,ูุฑุจููุช,Non Spam
396,ุจุนุฏ ุงุฏู ุจูุฏุงุฒ ุจูุช ุจฺฏู,Non Spam
397,ุจุงุดู ุจุจูู ฺู ุฑุงู ูุชููู ูพุฏุง ฺฉูู,Non Spam
398,ฺฉุงุฑุช ุจุงูฺฉ ุฑู ุฏุฑุณุช ฺฉุฑุฏุ,Non Spam
399,ุขุฑู ุงูุงู ุงููุฏู ุฏุงูุดฺฏุงู,Non Spam
400,ูุง ุจฺู ูุง ููู ูุณุชู,Non Spam
401,ุงูุงู ุฒูฺฏ ูุฒูู,Non Spam
402,ูู ุดุงู ุจุฑููู,Non Spam
403,ุฏุงุฑู ูุฑู ุฎููู ุณุฌุงุฏ ุงูุง,Non Spam
404,ุขูุงู,Non Spam
405,ุฒูฺฏ ุฒุฏูุ,Non Spam
406,ูุงูุงู ุจู ุจุงุจุง ุจฺฏู ุจุฎูุงุจู ูู ุจุง ุงูุณูพ ูุงู,Non Spam
407,ุฏุงุฑู ูุงู ุชู ุฑุงูู,Non Spam
408,ุณูุงู ูพุณุฑู ฺฉุฌุงุุุ,Non Spam
409,ูู ุจุฑู ุจุฎูุงุจู ุ ุฎูุฏุช ูุงูุงุฑ ูุฎูุฑุ,Non Spam
410,ูุชูู ุฏุงุฑ ูุง 4 ุณุฎ ฺูุฌู ุจฺฏุฑุ,Non Spam
411,ุณูุงู ูพุณุฑู  ู ุงุณููพ ุจุฑุงู ูฺฏุฑุ,Non Spam
412,ูพุณุฑ ฺฉูุฏ ุฎููู ุจุงุจุง ุฌูู ุฑู ฺฉุฌุง ฺฏุฐุงุดุชุุุุ,Non Spam
413,"ุจุงูฺฉ ุตุงุฏุฑุงุช ูุงุฑูุฒ:10,000,000+ ุญุณุงุจ:85008 ูุงูุฏู:10,089,506 0213-10:55",Non Spam
414,"ุจุงูฺฉ ุตุงุฏุฑุงุช ุฎุฑูุฏ ุงููุชุฑูุชู:436,000- ุญุณุงุจ:85008 ูุงูุฏู:111,306 0206-10:47",Non Spam
415,"ุจุงูฺฉ ุตุงุฏุฑุงุช ูพุงูุงูู ูุฑูุด:550,000- ุญุณุงุจ:85008 ูุงูุฏู:9,021,906 0220-20:37",Non Spam
